temperature,ph_level,moisture,risk_score,risk_class
37.13,4.47,12.13,0,Low
39.75,7.96,83.99,4,High
38.53,6.82,67.07,3,Medium
38.01,8.08,74.22,4,High
38.48,5.86,77.55,2,Medium
38.7,6.69,72.97,3,Medium
36.87,5.08,47.21,0,Low
38.14,8.18,92.44,5,High
36.61,3.88,61.92,1,Low
37.62,4.98,57.34,1,Low
37.88,6.33,71.19,2,Medium
38.43,8.12,85.12,5,High
38.85,9.13,88.44,6,High
38.11,7.93,91.68,4,High
39.03,9.03,95.13,6,High
38.86,9.5,86.12,6,High
37.29,8.66,78.19,3,Medium
36.94,6.38,26.43,0,Low
38.62,7.02,98.48,4,High
38.27,8.69,66.47,4,High
37.96,7.59,64.33,2,Medium
38.43,7.1,49.55,1,Low
37.35,5.28,35.85,0,Low
38.91,8.64,79.13,5,High
39.06,8.14,94.57,6,High
38.08,7.67,74.87,3,Medium
37.85,6.13,69.28,2,Medium
38.83,7.67,86.06,5,High
37.71,7.19,75.23,2,Medium
38.61,7.6,60.66,3,Medium
37.86,6.44,58.62,1,Low
36.36,4.53,41.21,0,Low
36.7,6.73,47.05,0,Low
37.9,7.01,74.35,2,Medium
38.39,8.72,91.66,5,High
36.99,5.89,34.71,0,High
37.86,7.44,98.38,3,Medium
38.23,8.34,85.82,5,High
36.97,4.19,34.14,0,Low
38.38,7.79,63.35,2,Medium
36.21,6.28,31.39,0,Low
38.51,9.41,94.73,6,High
38.59,8.67,98.42,6,Low
38.28,6.91,57.06,1,Low
36.72,5.85,64.39,0,Low
39.07,8.65,84.67,5,Medium
37.49,5.8,73.34,1,Low
39.31,8.53,91.94,6,High
38.87,8.45,84.19,5,High
39.3,7.8,90.41,5,High
38.58,7.53,100.0,5,High
36.87,6.38,42.73,0,Low
37.5,6.62,72.55,2,Medium
38.09,7.47,68.86,2,Medium
38.02,7.02,60.91,1,Low
36.53,4.57,35.68,0,Low
37.77,5.63,63.02,1,Low
36.87,5.39,53.12,0,Low
39.1,7.67,85.04,5,High
38.19,8.84,95.51,5,High
38.92,8.67,75.91,5,High
39.01,8.58,93.04,6,High
37.15,6.23,75.65,1,Low
38.08,7.61,84.21,3,Medium
37.22,5.66,61.78,0,Low
36.01,4.92,57.7,0,Low
38.78,8.81,86.65,6,High
38.48,6.56,81.04,2,Medium
36.43,5.34,48.85,0,Low
37.63,6.83,69.38,2,Medium
38.28,8.81,93.73,5,High
37.2,6.56,57.02,0,Low
37.94,5.47,51.56,1,Low
36.14,4.96,52.39,0,Low
38.63,9.11,81.4,5,High
37.66,7.24,80.97,2,Medium
37.05,4.19,58.36,0,Low
36.73,5.18,50.82,0,Low
37.48,5.72,78.72,1,Low
39.59,8.17,78.76,5,High
38.68,8.41,84.82,5,High
37.46,6.53,71.07,1,Low
36.77,6.13,39.11,0,Low
37.25,8.18,87.5,4,High
38.44,6.54,68.23,2,High
37.75,7.52,97.69,4,High
36.22,4.72,65.92,1,Low
36.32,5.91,36.11,0,Low
38.08,8.84,86.75,5,High
38.77,8.37,86.04,6,High
37.61,7.3,74.42,2,Medium
38.64,8.29,94.4,6,High
39.46,8.79,100.0,6,High
38.14,7.36,59.91,1,Low
38.6,8.59,88.61,6,High
37.14,5.6,43.06,0,Low
37.17,5.54,25.72,0,Low
39.0,8.67,97.28,6,High
38.19,6.85,63.26,1,Low
36.61,4.98,22.37,0,Low
38.93,8.03,88.03,6,High
36.06,3.86,40.82,1,Low
39.91,8.67,78.25,5,High
36.73,5.12,51.47,0,Low
38.94,8.45,96.61,6,High
38.69,6.58,85.03,4,High
38.29,8.3,89.55,5,High
38.01,6.06,74.86,2,Medium
37.92,6.57,73.03,2,Medium
38.75,7.28,78.18,3,Medium
36.6,4.57,52.5,0,Low
38.32,8.03,91.81,5,High
38.84,6.26,69.27,3,Medium
37.89,6.4,54.51,1,Low
37.36,5.42,62.04,0,Low
38.19,7.28,60.96,1,Low
35.67,4.65,49.79,0,Low
36.24,5.74,26.81,0,Low
36.95,6.17,50.92,0,Low
35.83,4.97,18.66,0,Low
37.96,6.51,58.94,1,Low
38.97,8.77,91.09,6,High
37.9,6.71,80.64,2,Medium
39.31,7.1,73.81,3,Medium
40.03,8.68,77.16,5,High
37.73,6.89,57.21,1,Low
36.27,5.07,41.59,0,Low
40.09,8.23,90.51,6,High
38.45,6.54,65.79,2,Medium
37.63,6.77,54.19,1,Low
38.87,7.38,84.62,3,Medium
38.02,6.05,67.72,2,Medium
36.65,4.01,29.22,0,Low
38.15,8.45,83.62,4,High
39.75,8.76,77.64,5,High
37.15,5.39,29.29,0,Low
36.83,6.62,81.38,1,Low
36.35,5.62,56.7,0,Low
38.34,7.67,77.33,3,Medium
37.94,6.61,57.88,1,Low
38.73,8.34,100.0,6,High
37.1,5.76,42.22,0,Low
36.48,5.93,52.63,0,Low
37.98,8.12,68.19,4,High
39.23,7.58,94.09,5,High
38.52,8.85,92.85,6,High
36.82,4.96,45.15,0,Low
36.24,5.03,41.25,0,Low
38.35,9.14,93.08,5,High
35.83,4.92,63.73,0,Low
39.68,8.41,93.77,6,High
37.07,4.77,55.36,0,Low
39.01,8.41,88.77,6,High
36.47,4.55,64.27,0,Low
37.52,7.25,62.57,1,Low
38.42,5.44,79.27,2,Medium
36.49,5.29,51.97,0,Low
38.26,6.89,57.44,1,Low
38.59,8.14,77.17,5,High
39.19,8.71,95.81,6,High
39.12,8.16,85.13,6,High
38.07,6.95,75.58,2,Medium
38.22,8.44,70.78,4,High
38.05,8.43,59.76,3,Medium
37.5,6.36,69.5,2,Medium
39.98,8.47,86.99,6,High
36.39,4.6,23.7,0,Low
37.08,6.69,28.33,0,Low
37.94,7.44,53.52,1,Low
36.99,4.97,52.74,0,Low
36.31,4.68,22.77,0,Low
37.2,4.51,49.18,0,Low
39.1,7.82,82.93,4,High
38.86,9.41,90.37,6,High
39.64,8.58,95.81,6,High
37.57,6.7,68.29,2,Medium
38.74,9.0,91.9,6,High
35.82,6.17,43.92,0,Low
38.74,7.31,100.0,4,High
38.58,6.84,84.3,3,Medium
39.41,8.63,94.99,6,High
36.48,6.34,34.12,0,Low
37.91,7.12,65.71,2,Medium
38.8,7.25,90.08,4,High
37.03,6.91,74.88,1,Low
38.18,5.25,56.39,1,Low
36.08,5.43,36.76,0,Low
37.58,7.25,71.37,2,Medium
36.07,5.19,30.45,0,Low
37.91,5.95,53.62,1,Low
37.74,7.41,100.0,3,Medium
37.55,6.67,59.38,1,Low
37.87,6.09,62.59,1,Low
38.16,6.61,68.21,2,Medium
38.81,8.03,93.76,6,High
36.53,5.06,35.62,0,Low
38.28,7.16,74.55,2,Medium
36.62,5.49,56.22,0,Low
37.85,7.91,72.28,3,Medium
39.07,8.35,84.11,5,High
39.32,6.5,70.71,3,Medium
38.61,9.13,84.62,5,High
37.11,6.19,52.92,0,Low
40.58,7.98,76.67,4,High
37.54,7.84,67.18,3,Medium
36.51,5.53,42.27,0,Low
38.78,7.44,93.18,4,High
38.63,8.66,92.42,6,High
36.57,5.82,56.1,0,Low
39.46,8.65,86.48,6,High
36.81,5.38,58.09,0,Low
38.36,8.48,89.43,5,High
39.13,7.09,82.44,3,Medium
38.81,5.83,66.71,3,Low
38.6,7.91,100.0,5,High
36.96,3.97,42.95,1,Low
36.07,5.59,44.4,0,Low
36.23,4.85,48.61,0,Low
36.59,6.13,71.59,1,Low
39.14,8.36,87.56,6,High
36.48,5.8,36.22,0,Low
37.99,8.05,67.0,4,High
39.64,8.16,88.31,6,High
36.47,5.6,47.77,0,Low
38.22,7.62,100.0,4,High
36.21,6.0,48.38,0,Low
38.82,8.01,88.64,6,High
37.86,7.04,88.5,3,Medium
36.73,6.72,97.4,2,Medium
36.19,5.41,36.1,0,Low
37.73,6.87,51.28,1,Low
38.91,7.96,93.16,5,High
36.96,4.17,64.71,0,Low
38.24,8.45,100.0,5,High
38.18,6.81,59.74,1,Low
38.17,7.43,93.21,3,Medium
38.06,5.76,72.96,2,Medium
38.6,7.06,82.36,3,Medium
36.63,4.31,40.04,0,Low
37.54,5.83,55.86,1,Low
36.07,5.44,25.82,0,Low
38.8,6.29,73.21,3,Medium
36.93,3.93,42.23,1,Low
39.12,5.52,59.52,2,Medium
37.15,7.88,94.22,3,Medium
35.94,3.43,42.07,1,Low
38.51,8.33,93.16,6,High
37.74,5.92,76.66,2,Medium
39.43,8.67,78.63,5,High
36.22,4.26,54.06,0,Low
37.15,5.28,47.5,0,Low
38.13,6.85,84.8,2,Medium
36.45,4.41,53.44,0,Low
36.57,5.92,21.36,0,Low
37.88,6.22,93.84,3,Medium
36.4,5.02,20.97,0,Low
39.49,7.82,83.37,4,High
37.27,5.36,39.54,0,Low
36.2,4.3,32.47,0,Low
37.38,5.55,72.19,1,Low
39.92,7.8,92.37,5,High
36.47,5.52,54.3,0,High
36.47,4.75,28.59,0,Low
38.53,7.53,93.52,5,High
38.36,8.37,81.73,4,High
37.55,7.28,63.21,1,Low
37.78,6.28,57.47,1,Low
38.35,7.02,92.39,3,Medium
37.75,6.55,74.7,2,Medium
38.48,7.09,72.56,2,Medium
37.46,5.12,43.64,0,Low
37.08,4.78,45.06,0,Low
36.78,4.05,26.49,0,Low
38.32,7.81,95.08,4,High
38.0,5.82,65.38,2,Medium
38.2,6.22,71.62,2,Medium
37.89,6.25,68.26,2,Medium
38.81,8.18,78.45,5,High
36.53,4.88,38.21,0,Low
37.04,4.93,49.79,0,Low
36.89,5.26,55.39,0,Low
38.19,6.72,72.45,2,Medium
38.51,7.82,91.45,5,High
37.49,6.74,69.06,1,Low
37.79,6.67,68.4,2,Medium
38.17,7.71,69.1,3,Medium
36.4,4.64,58.29,0,Low
37.94,6.5,80.26,2,Medium
37.49,5.43,65.59,1,Low
39.04,6.85,62.35,2,Medium
39.23,7.14,94.4,4,High
36.82,4.85,51.78,0,Low
38.43,9.31,87.19,5,High
35.39,5.89,62.63,0,Low
38.18,7.25,63.57,1,Low
37.5,6.31,81.27,1,Low
38.48,7.76,84.84,3,Medium
37.4,7.09,77.47,1,Medium
37.11,4.79,42.43,0,Low
37.11,4.46,49.2,0,Low
37.37,6.31,83.83,1,Low
38.29,8.38,88.83,5,High
36.49,5.2,40.43,0,Low
37.8,8.26,100.0,5,High
37.03,6.48,84.55,1,Low
36.18,4.52,38.28,0,Low
37.27,5.74,50.47,0,Low
37.24,7.23,56.55,0,Low
36.75,4.2,32.71,0,Low
36.85,5.74,52.28,0,Low
37.53,5.94,64.89,1,Low
39.1,6.94,83.71,3,Medium
36.64,4.01,73.27,1,Low
36.79,5.28,40.59,0,Low
37.66,5.7,54.86,1,Low
37.4,7.82,61.57,1,Low
37.92,6.98,92.55,3,Medium
37.71,8.52,100.0,5,High
38.75,8.21,97.1,6,High
38.69,8.22,92.4,6,High
36.53,4.92,61.56,0,Low
36.84,6.2,40.36,0,Low
38.17,9.42,58.08,3,Medium
39.15,8.44,100.0,6,High
39.44,8.9,95.64,6,High
37.3,5.86,52.2,0,High
36.56,5.45,45.37,0,Low
36.04,4.41,32.42,0,Low
36.71,4.98,47.58,0,Low
37.59,7.97,67.32,3,Medium
38.14,5.33,62.09,1,Low
37.03,7.69,85.11,3,Medium
36.75,5.78,39.4,0,Low
38.5,7.91,83.61,3,Medium
38.48,6.65,57.29,1,Low
39.14,9.31,93.15,6,High
39.36,8.06,86.97,6,High
37.3,3.22,54.57,1,Low
36.39,6.18,36.43,0,Low
38.82,8.45,86.47,6,High
37.47,7.83,70.75,2,Medium
36.47,4.54,65.13,1,Low
37.68,7.68,62.78,2,Medium
37.91,6.8,72.6,2,Medium
39.1,6.77,92.61,4,High
36.62,5.17,44.66,0,Low
39.27,7.87,82.42,4,High
38.47,8.26,78.03,4,High
36.13,4.69,57.54,0,Low
36.88,3.76,67.04,2,Medium
38.66,7.62,75.77,4,High
36.68,4.67,45.35,0,Low
35.58,5.79,44.03,0,Low
37.62,7.09,61.06,1,Low
39.14,8.51,88.4,6,High
38.95,7.32,81.78,3,Medium
37.02,4.75,39.63,0,Low
39.11,8.4,87.04,6,High
35.51,5.68,50.38,0,Low
38.82,8.64,77.56,5,High
38.22,9.26,97.01,5,High
37.99,8.12,86.22,5,High
37.57,5.22,50.7,1,Low
39.33,7.97,87.73,5,High
35.79,6.12,47.19,0,Low
37.36,6.06,58.38,0,Low
37.93,6.43,59.86,1,Low
36.58,4.67,36.77,0,Low
36.56,5.89,38.6,0,Low
38.87,7.18,100.0,4,High
38.27,6.2,68.35,2,Medium
38.52,7.05,73.67,3,Medium
38.48,7.41,55.78,1,Low
37.4,7.38,71.71,1,Low
38.79,7.3,89.57,4,High
36.86,5.26,67.9,1,Low
38.65,8.69,78.82,5,High
39.1,6.91,89.7,4,High
37.95,5.94,74.24,2,Medium
36.6,4.46,42.04,0,Low
36.8,5.41,74.63,1,Low
38.74,7.85,91.7,5,High
38.87,8.85,85.06,6,High
36.87,4.99,41.22,0,Low
36.19,5.21,36.0,0,Low
37.04,4.53,51.15,0,Low
36.34,5.53,49.67,0,Low
38.87,8.46,91.84,6,High
38.52,9.22,81.6,5,High
36.44,6.23,34.16,0,Low
38.32,8.39,79.02,4,High
35.52,5.17,39.0,0,Low
38.44,5.75,77.97,2,Medium
38.7,7.4,59.92,2,Medium
39.26,8.04,88.65,6,High
38.45,8.25,97.64,5,High
36.52,4.8,24.13,0,Low
36.99,4.26,48.82,0,Low
36.64,5.73,30.75,0,Low
36.69,4.51,62.18,0,Low
39.07,9.28,78.01,5,High
39.12,7.65,92.41,5,High
36.95,5.74,48.27,0,Low
38.32,8.54,90.17,5,High
37.75,7.79,71.37,3,Medium
38.4,6.26,63.12,1,Low
38.79,8.1,73.6,5,High
37.0,4.12,52.73,0,Low
39.09,8.06,94.01,6,High
35.06,5.13,52.71,0,Low
36.15,5.31,43.77,0,Low
36.76,5.31,57.53,0,Low
36.15,3.29,39.27,1,Low
36.42,5.56,46.78,0,Low
36.45,5.33,51.07,0,Low
37.88,7.92,96.79,4,High
39.04,8.02,96.06,6,High
36.42,5.23,59.17,0,Low
36.97,5.03,44.35,0,Low
37.84,6.95,59.42,1,Low
38.22,7.94,90.78,4,High
38.65,7.8,85.59,5,High
37.21,7.6,100.0,3,Medium
37.35,6.77,70.67,1,Low
38.82,7.11,64.6,2,Medium
36.25,4.28,23.88,0,Low
38.36,7.49,92.51,3,Medium
37.01,7.57,86.23,3,Medium
37.36,4.57,55.57,0,Low
38.87,7.7,89.53,5,High
36.69,4.83,33.66,0,Low
39.16,7.93,91.16,5,Low
38.94,7.83,82.44,4,High
36.42,5.4,36.66,0,Low
38.34,7.84,77.95,3,Medium
36.21,3.21,39.65,1,Low
37.98,7.02,83.21,2,Medium
39.38,7.64,81.24,4,High
36.65,4.56,37.54,0,Low
37.55,5.77,55.0,1,Low
38.54,8.86,92.34,6,High
36.23,4.92,49.33,0,Low
36.55,5.76,45.1,0,Low
37.66,5.35,72.68,2,Medium
38.19,7.14,66.51,2,Medium
38.18,7.14,64.39,1,Low
36.16,4.59,64.64,0,Low
38.69,8.37,91.24,6,High
37.45,6.76,66.43,1,Low
37.16,4.77,32.31,0,Low
38.7,8.11,87.67,6,High
37.56,7.97,89.97,4,High
38.35,7.45,69.52,2,Medium
36.54,4.93,44.06,0,Low
38.03,7.4,57.7,1,Low
37.03,7.49,72.5,1,Low
35.89,6.25,37.69,0,Low
38.33,6.01,64.54,1,Low
40.61,8.38,100.0,6,High
36.78,4.31,57.72,0,Low
39.86,8.32,68.8,5,High
36.93,4.83,53.58,0,Low
38.12,8.16,90.25,5,High
38.51,6.12,73.13,3,Medium
35.82,4.08,45.14,0,Low
39.25,7.16,65.12,3,Medium
36.55,5.8,34.43,0,Low
38.32,6.44,65.74,2,Medium
36.8,5.38,44.83,0,Low
38.62,7.4,100.0,4,High
38.56,8.16,90.54,6,High
38.89,8.18,91.4,6,High
38.84,6.68,75.81,3,Medium
37.66,6.26,84.7,2,Medium
38.28,6.28,65.47,2,Medium
39.67,7.07,79.47,3,Medium
38.25,7.71,77.08,3,Medium
35.59,4.29,59.41,0,Low
37.99,6.0,54.64,1,Low
36.58,5.61,55.83,0,Medium
36.61,4.78,42.59,0,Low
37.84,8.06,99.69,5,High
36.28,4.63,42.32,0,Low
39.26,8.6,94.07,6,High
37.94,6.08,66.67,2,Medium
36.65,4.17,47.16,0,Low
37.3,5.97,65.56,1,Low
38.19,7.22,59.01,1,Low
39.06,7.82,87.77,5,High
37.73,6.98,85.93,3,Medium
39.61,8.54,78.26,5,High
38.4,7.69,89.28,4,High
39.65,8.38,86.43,6,High
37.94,6.82,71.83,2,Medium
37.22,5.55,33.46,0,Medium
37.85,6.18,75.0,2,Medium
36.06,5.84,46.23,0,Low
37.87,7.02,79.73,2,Medium
39.4,8.31,79.48,5,High
38.46,7.76,73.23,3,Medium
37.13,5.48,34.06,0,Low
38.17,6.49,63.32,1,Low
37.9,8.62,82.37,4,High
38.59,8.04,83.94,5,High
37.54,5.97,49.25,1,Low
38.32,7.7,61.7,2,Medium
36.99,7.7,90.65,3,Medium
35.54,5.43,34.15,0,Low
36.91,5.18,39.14,0,Low
36.66,4.71,31.69,0,Low
39.1,8.09,78.69,5,High
37.26,7.93,85.04,3,Medium
39.24,8.88,84.3,5,High
39.02,7.17,100.0,4,High
39.15,8.43,92.21,6,High
37.01,3.91,44.21,1,Low
38.49,8.46,98.62,5,High
36.99,5.03,34.29,0,Low
37.75,6.24,74.28,2,Medium
37.1,5.48,74.25,1,Low
38.05,7.42,57.29,1,Low
37.44,5.25,39.97,0,Low
36.34,4.17,55.6,0,Low
39.56,7.96,81.65,4,High
35.29,4.92,42.96,0,Low
35.66,5.81,54.85,0,Low
38.87,8.81,78.23,5,High
36.21,3.84,31.51,1,Low
38.41,8.43,75.53,4,High
39.72,8.74,81.61,5,High
38.41,7.14,71.48,2,Medium
36.23,5.02,44.79,0,Low
36.41,5.05,45.41,0,Low
37.0,4.32,42.38,0,Low
38.08,5.1,78.91,2,Medium
37.21,4.67,44.41,0,Low
37.76,7.79,70.39,3,Medium
36.63,5.59,36.77,0,Low
37.58,6.88,67.79,2,Medium
37.25,4.32,36.19,0,Low
40.12,8.38,93.84,6,High
36.6,5.36,41.97,0,Low
37.76,4.34,32.73,1,Low
37.4,5.73,43.37,0,Medium
39.43,7.97,87.92,5,High
36.51,4.84,45.13,0,Low
38.72,7.27,78.03,3,Medium
37.55,7.32,71.71,2,Medium
37.74,6.73,64.9,1,Low
39.19,9.02,92.11,6,High
38.34,8.21,90.1,5,High
37.63,6.54,74.13,2,Medium
38.55,8.48,88.54,6,High
36.36,5.76,24.82,0,Low
39.85,7.74,90.02,5,High
38.71,6.73,70.47,3,Medium
39.3,7.67,84.82,4,High
38.53,6.93,89.57,4,High
39.87,8.31,82.76,5,High
37.77,7.54,98.13,4,High
38.26,6.73,65.68,2,Medium
37.63,4.87,70.39,2,Medium
37.03,6.27,63.31,0,Low
36.57,7.1,32.07,0,Low
39.27,8.2,90.88,6,High
36.65,5.36,48.93,0,Low
37.31,5.66,45.86,0,Low
36.3,4.85,48.03,0,Low
37.43,5.85,53.49,0,Low
37.17,6.0,66.06,1,Low
39.13,8.64,85.6,6,High
38.17,6.23,62.17,1,Low
37.04,5.42,56.11,0,Low
37.28,5.27,57.13,0,Low
36.62,4.81,49.41,0,Low
38.33,5.53,64.58,1,Low
38.52,8.06,82.94,5,High
37.53,6.65,78.49,2,Medium
39.37,8.69,98.44,6,High
38.22,5.74,48.9,1,Low
36.55,6.0,65.51,1,Low
39.37,7.45,93.9,4,High
35.86,5.17,51.28,0,Low
36.85,5.37,33.18,0,Low
37.15,5.2,77.41,1,Low
39.42,8.87,85.05,6,High
38.5,7.09,90.99,4,High
36.38,6.38,26.69,0,Low
38.3,8.74,92.39,5,High
38.33,7.74,97.42,4,High
39.19,7.66,92.71,5,High
38.96,9.08,84.08,5,High
36.8,4.46,35.29,0,Low
39.61,9.11,100.0,6,High
36.44,5.95,53.56,0,Low
38.28,8.5,88.58,5,High
38.44,7.41,83.3,2,Medium
39.05,8.62,77.79,5,High
37.48,6.82,86.28,2,Medium
37.49,7.22,75.59,1,Low
38.1,7.04,86.88,3,Medium
38.26,8.68,97.14,5,High
39.58,8.31,91.6,6,High
35.59,4.94,36.98,0,Low
39.76,8.5,89.76,6,High
38.05,7.59,61.73,2,High
37.03,3.64,44.31,1,Low
37.83,6.4,71.38,2,Medium
38.71,8.38,100.0,6,High
39.99,8.2,100.0,6,High
39.08,8.16,85.01,6,High
38.35,6.79,66.83,2,Medium
39.5,8.94,84.66,5,High
38.09,8.02,81.46,4,High
38.74,7.64,87.86,5,High
37.19,5.5,61.71,0,Low
36.91,5.31,59.11,0,Low
37.19,4.78,53.78,0,Low
36.6,5.17,58.87,0,Low
36.62,4.24,51.07,0,Low
38.54,6.37,79.27,3,Medium
37.08,7.29,79.59,1,Low
35.99,5.66,30.61,0,Low
37.88,7.37,63.73,1,Low
37.95,7.61,92.87,4,High
36.76,4.24,57.23,0,Low
37.56,6.33,69.24,2,Medium
38.14,6.8,56.7,1,Low
37.87,7.73,62.92,2,Medium
37.88,7.84,71.61,3,Medium
38.38,9.25,81.76,4,High
36.89,3.7,60.3,1,Low
38.35,7.25,68.39,2,Medium
37.83,6.02,74.86,2,Medium
37.34,5.26,56.09,0,Low
38.61,8.48,86.91,6,High
36.07,4.38,52.62,0,Low
36.11,5.47,38.61,0,Low
39.75,8.68,96.37,6,High
38.48,7.61,84.22,3,Medium
37.49,8.08,85.64,4,High
39.11,7.84,94.72,5,High
38.44,7.9,72.2,3,Medium
37.53,6.86,60.55,1,Low
38.16,8.3,93.41,5,High
36.61,3.92,37.56,1,Low
37.7,6.86,84.26,2,Medium
37.41,7.34,76.4,1,Low
39.41,8.1,78.72,5,High
39.03,8.06,89.7,6,High
38.21,6.77,71.66,2,Medium
37.32,6.08,47.9,0,Low
35.99,5.09,49.45,0,Low
38.18,8.16,100.0,5,High
38.39,7.07,59.95,1,Low
37.82,7.25,63.67,1,Low
39.0,8.35,93.95,6,High
37.23,8.1,94.89,4,High
35.94,4.46,51.11,0,Low
35.99,4.91,47.35,0,Low
36.43,3.91,52.45,1,Low
38.85,8.44,86.2,6,High
37.11,5.27,50.88,0,Low
36.07,4.61,46.9,0,Low
38.29,6.65,60.07,1,Low
39.0,8.76,93.15,6,High
38.06,6.65,62.84,1,Low
38.7,9.21,100.0,6,High
39.13,8.15,79.91,5,High
36.65,5.16,50.63,0,Low
38.48,7.79,100.0,4,High
37.7,6.71,68.97,2,Medium
38.14,8.83,71.9,4,High
35.76,4.66,59.75,0,Low
35.71,7.34,89.18,2,Medium
39.81,6.54,97.5,4,High
36.73,7.16,81.51,1,High
36.39,3.7,53.3,1,Low
38.46,5.21,54.85,1,Low
37.94,8.23,93.15,5,High
39.37,8.56,85.61,6,High
35.63,4.77,45.09,0,Low
39.13,8.35,87.89,6,High
39.5,8.14,92.54,6,High
36.28,5.37,38.34,0,Low
38.92,8.02,87.37,6,High
37.08,7.11,72.32,1,Low
37.63,8.32,66.2,4,High
37.4,5.41,85.33,2,Medium
39.26,7.66,100.0,5,High
38.74,9.06,95.27,6,High
39.05,7.96,85.11,5,High
38.73,8.89,94.79,6,High
38.3,8.34,98.1,5,High
36.68,4.44,55.41,0,Low
36.79,6.8,26.9,0,High
38.9,7.92,98.29,5,High
37.98,7.44,70.17,2,Medium
36.68,5.14,24.47,0,Low
37.17,4.07,19.11,0,Low
38.59,6.83,66.64,3,Medium
38.13,7.33,52.18,1,Low
36.98,5.79,52.0,0,Low
36.86,5.61,23.17,0,Low
36.23,4.91,49.66,0,Low
38.46,7.72,61.28,2,Medium
36.18,4.87,48.86,0,Low
39.11,7.25,64.04,2,Medium
37.73,6.91,65.13,2,Medium
37.85,6.92,82.04,2,Medium
38.87,8.87,100.0,6,High
37.96,6.94,83.1,2,Medium
38.73,7.28,80.53,3,Medium
38.87,9.26,94.29,6,High
38.46,9.02,99.01,5,High
38.63,8.87,82.05,5,High
39.04,6.96,62.24,2,Medium
37.66,5.68,77.01,2,Medium
36.44,4.74,33.46,0,Low
37.62,5.99,88.92,3,Medium
36.89,5.62,54.25,0,Low
39.06,8.04,93.51,6,High
38.67,7.4,91.17,4,High
35.65,5.36,56.58,0,Low
38.67,7.88,81.12,4,High
36.7,4.43,42.9,0,Low
39.46,7.74,89.72,5,High
36.31,4.8,44.86,0,Low
38.62,7.39,79.62,3,Medium
38.18,6.77,80.09,2,Medium
39.29,7.33,83.27,3,Medium
38.29,6.78,81.37,2,Medium
39.62,8.92,81.7,5,High
38.62,8.49,85.14,6,High
36.46,5.93,50.53,0,Low
39.01,9.5,91.42,6,High
38.13,8.87,85.98,5,High
38.54,7.73,81.32,4,High
38.87,8.16,96.26,6,High
39.12,9.38,97.18,6,High
39.4,9.22,100.0,6,High
38.92,8.07,94.61,6,High
38.12,7.16,70.51,2,Medium
36.52,5.09,65.62,1,Low
38.93,7.68,95.73,5,High
38.71,6.96,75.74,3,Medium
38.16,7.05,70.58,2,Medium
36.83,4.79,42.09,0,Low
37.96,4.16,29.89,1,Low
36.55,5.63,52.1,0,Low
38.48,8.05,89.84,5,High
36.02,4.21,54.17,0,Low
36.91,3.71,27.2,1,Low
37.23,8.93,75.41,3,Medium
37.46,7.64,100.0,3,Medium
38.25,5.35,74.27,2,Medium
38.98,7.65,96.24,5,High
38.52,6.47,55.97,2,Medium
36.57,6.34,59.66,0,Low
38.85,8.27,100.0,6,High
36.69,4.86,44.39,0,Low
37.9,6.48,64.35,1,Low
38.06,7.75,100.0,4,High
38.85,8.62,70.17,5,High
37.82,6.41,71.81,2,Medium
37.63,8.75,91.94,5,High
37.42,5.62,72.24,1,Low
38.0,5.69,72.25,2,Medium
37.03,5.42,9.17,0,Low
37.4,5.66,68.12,1,Low
37.08,7.36,77.63,1,Low
38.31,8.82,77.91,4,High
36.52,4.93,24.5,0,Low
38.12,8.57,79.31,4,High
38.95,7.81,96.84,5,High
39.11,9.17,100.0,6,High
37.75,6.29,66.97,2,Medium
36.2,5.53,70.6,1,Low
35.93,4.06,54.32,0,Low
39.43,7.88,96.64,5,High
38.46,7.96,80.42,3,Medium
37.85,7.32,64.63,1,Low
36.48,5.77,38.75,0,Low
36.68,5.35,64.71,0,Low
38.22,7.38,58.47,1,Low
37.36,5.73,77.95,1,Low
36.64,3.19,69.67,2,Medium
40.13,7.33,83.5,3,Medium
38.08,5.92,59.27,1,Low
36.99,5.5,66.74,1,Low
36.71,4.1,40.98,0,Low
38.13,7.61,79.91,3,Medium
39.5,8.17,87.4,6,High
38.56,9.25,92.46,6,High
37.77,8.76,83.05,4,High
36.46,4.85,46.75,0,Low
39.16,9.07,79.49,5,High
37.66,6.45,89.98,3,Medium
37.07,4.81,41.56,0,Low
38.29,7.19,82.86,2,Medium
36.53,5.12,55.7,0,Low
36.97,4.99,32.3,0,Low
37.83,7.96,86.75,4,High
40.08,8.17,97.63,6,High
38.59,7.79,73.52,4,High
38.52,7.72,80.56,4,High
38.78,8.48,53.39,4,High
36.08,5.69,48.44,0,Low
37.94,6.42,86.14,3,Medium
39.3,6.6,89.47,4,High
37.26,3.71,41.24,1,Low
39.93,8.35,83.86,5,High
37.34,7.55,90.29,3,Medium
35.63,4.73,57.12,0,Low
39.04,8.24,100.0,6,High
38.8,8.71,79.39,5,High
36.87,4.85,39.53,0,Low
37.02,5.39,36.02,0,Low
38.65,6.13,71.45,3,Medium
38.86,7.22,100.0,4,High
37.11,4.57,37.49,0,Low
38.4,6.97,77.61,2,Medium
36.6,4.54,55.85,0,Low
38.64,6.55,70.21,3,Medium
37.91,6.56,69.7,2,Medium
36.27,4.91,45.12,0,Low
38.84,9.28,88.75,6,High
38.8,7.41,81.71,3,Medium
39.58,8.18,86.12,6,High
37.38,5.88,34.76,0,Low
37.51,5.17,41.79,1,Low
37.1,4.6,47.63,0,Low
37.32,6.81,58.86,0,Low
36.32,5.33,41.14,0,Low
38.93,7.51,93.43,5,High
38.85,8.08,92.99,6,High
39.22,9.5,89.02,6,High
36.97,6.15,56.7,0,Low
36.88,6.8,52.47,0,Low
39.07,7.43,99.86,4,High
36.64,4.4,38.44,0,Low
37.95,6.35,58.55,1,Low
38.15,8.27,97.84,5,High
37.39,4.5,42.14,0,Low
37.1,6.47,23.86,0,Low
37.23,3.99,51.8,1,Low
36.64,5.39,66.13,1,Low
36.57,4.63,33.96,0,Low
38.08,8.05,90.82,5,High
38.04,8.85,68.78,4,High
39.51,8.34,100.0,6,High
38.75,7.13,77.04,3,Medium
39.13,7.38,100.0,4,High
36.48,4.41,52.47,0,Low
36.11,5.83,49.26,0,Low
39.28,8.21,93.06,6,High
37.64,4.59,63.67,1,Low
37.0,5.51,58.76,0,Low
39.55,9.31,87.93,6,High
38.59,7.99,100.0,5,High
38.33,9.17,95.0,5,High
38.63,8.28,84.71,5,High
35.71,5.48,48.88,0,Low
38.67,7.66,95.82,5,High
39.21,9.44,100.0,6,High
38.58,8.45,89.44,6,High
39.13,8.19,100.0,6,High
39.6,7.44,81.78,3,Medium
38.44,6.03,70.24,2,Medium
36.51,5.59,39.78,0,Low
37.34,6.28,87.58,2,Medium
36.1,4.78,25.83,0,Low
37.28,4.9,67.69,1,Low
36.58,5.45,12.93,0,Low
38.87,9.09,97.72,6,High
38.52,6.59,60.96,2,Medium
37.8,8.03,73.41,4,High
39.44,8.86,96.27,6,High
38.2,6.93,82.39,2,Medium
37.92,8.18,86.22,5,High
36.37,6.02,54.61,0,Low
38.71,8.4,89.83,6,High
37.96,7.01,66.25,2,Medium
37.24,5.68,41.69,0,Low
38.95,7.46,95.38,4,High
40.46,9.07,95.69,6,High
36.68,4.3,24.13,0,Low
36.58,3.53,38.47,1,High
36.27,4.76,65.69,1,Low
36.32,4.95,44.66,0,Low
36.22,5.71,39.96,0,Low
38.87,8.27,74.22,5,High
38.33,7.16,92.3,3,Medium
39.77,9.5,96.07,6,High
39.48,7.86,90.86,5,High
38.1,6.28,63.13,1,Low
37.83,5.26,55.44,1,Low
36.16,5.29,47.63,0,Low
36.98,5.75,52.3,0,Low
38.45,7.54,73.76,3,Medium
35.43,4.8,41.33,0,Low
37.39,3.98,61.93,1,Low
36.03,4.84,41.18,0,Low
39.29,8.61,98.43,6,High
37.88,6.78,86.88,3,Medium
38.33,8.2,81.32,4,High
37.84,6.27,70.64,2,Medium
36.48,4.68,43.01,0,Low
37.03,7.17,65.49,1,Low
36.9,5.82,32.87,0,High
38.15,7.78,100.0,4,High
36.03,4.68,44.09,0,Low
37.02,5.52,74.9,1,Low
38.63,8.3,93.33,6,High
37.72,7.48,72.85,2,Medium
37.92,7.11,87.18,3,Medium
38.51,6.31,64.76,2,Medium
38.81,7.6,100.0,5,High
36.45,5.45,47.67,0,Low
37.23,6.68,69.42,1,Low
38.52,6.7,81.35,3,Medium
37.93,8.15,75.83,4,High
37.88,7.68,64.1,2,Medium
36.06,5.99,49.71,0,Low
36.54,5.36,41.99,0,Low
38.51,8.4,87.14,6,High
37.23,6.86,68.19,1,Low
36.7,5.52,53.42,0,Low
37.78,6.35,59.56,1,Low
37.91,6.17,70.96,2,Medium
37.07,7.46,65.26,1,Low
38.24,8.45,100.0,5,High
36.49,5.75,23.27,0,Low
39.12,4.63,69.02,3,Medium
37.77,6.47,78.12,2,Medium
38.35,8.1,94.12,5,High
35.78,6.39,37.29,0,Low
37.82,4.72,51.58,1,Low
38.19,5.59,56.16,1,Low
37.77,5.42,78.19,2,Medium
39.8,9.29,88.01,6,High
37.28,7.3,65.02,1,Low
38.73,7.92,87.4,5,High
37.51,8.19,56.75,3,Medium
36.09,5.0,39.12,0,Low
37.0,6.05,59.29,0,Low
39.01,7.73,82.07,4,High
36.38,5.17,22.06,0,Low
39.81,8.87,85.32,6,High
36.83,3.38,58.32,1,High
35.74,5.64,43.79,0,Low
35.92,5.42,53.11,0,Low
38.4,6.32,59.96,1,Low
38.64,6.18,84.8,3,Medium
38.82,8.52,92.64,6,High
38.23,6.79,66.31,2,Medium
37.83,6.16,76.0,2,Medium
38.14,6.44,57.91,1,Low
39.83,8.73,86.9,6,High
38.59,6.52,63.67,2,Medium
36.58,6.24,28.22,0,Low
38.94,6.82,67.36,3,Medium
39.55,7.74,89.24,5,High
37.38,5.81,44.62,0,Low
39.82,7.98,81.16,4,High
37.58,5.64,63.77,1,Low
37.71,7.08,62.77,1,Low
36.35,6.34,40.82,0,Low
37.96,9.11,86.18,5,High
36.54,5.43,53.05,0,Low
37.15,4.47,54.34,0,Low
38.07,6.43,70.5,2,Medium
38.02,6.84,64.6,1,Low
37.97,6.31,68.71,2,Medium
37.77,5.74,48.28,1,Low
35.61,3.21,40.21,1,Low
36.48,5.14,56.04,0,Low
38.1,6.81,73.48,2,Medium
38.59,6.72,87.74,4,High
38.27,6.75,66.72,2,Medium
37.75,4.67,39.37,1,Low
39.64,9.33,89.86,6,High
37.69,6.81,59.93,1,Low
39.02,7.18,69.89,3,Medium
38.67,6.86,67.11,3,Medium
37.61,6.92,55.58,1,Low
37.85,7.73,67.99,3,Medium
35.99,5.53,34.49,0,Low
36.6,5.08,24.53,0,Low
39.38,7.97,88.2,5,Low
37.38,6.77,79.94,1,Low
37.71,5.69,79.41,2,Medium
36.17,5.06,30.56,0,Low
37.17,5.95,83.57,1,Low
38.13,6.13,77.6,2,Medium
37.92,6.84,93.28,3,Medium
37.6,7.35,91.38,3,Medium
37.48,6.61,65.83,1,Low
38.12,9.04,78.62,4,Low
38.42,6.78,60.21,1,Low
38.76,7.75,91.64,5,High
39.39,8.27,91.52,6,High
37.68,6.22,64.52,1,Low
38.85,7.7,73.82,4,High
36.78,5.1,59.39,0,Low
39.36,9.03,96.13,6,High
40.01,8.77,95.65,6,High
37.88,6.53,76.21,2,Medium
38.79,6.79,100.0,4,High
38.13,7.97,73.0,3,Medium
35.98,6.68,58.05,0,Low
39.76,7.5,87.69,4,High
35.67,5.39,51.39,0,Low
35.81,6.13,38.29,0,Low
37.29,5.93,74.04,1,Low
39.34,7.8,80.3,4,High
38.07,6.58,70.34,2,Medium
38.44,6.55,59.56,1,Medium
35.87,4.38,36.37,0,Low
36.22,5.49,25.74,0,Low
36.43,4.88,27.54,0,Low
36.4,4.72,46.82,0,Low
39.79,8.49,83.54,5,High
38.97,8.93,85.2,6,High
38.0,8.23,100.0,5,High
36.7,4.82,51.08,0,Low
37.44,5.05,40.13,0,Low
35.99,5.39,35.16,0,Low
37.25,6.9,81.5,1,Low
38.91,6.46,71.41,3,Medium
38.26,7.02,79.97,2,Medium
37.48,5.37,68.58,1,Low
37.82,9.5,85.41,5,High
36.61,5.74,36.74,0,Low
36.47,6.11,50.26,0,Low
37.6,8.15,93.28,5,High
39.48,7.98,90.39,5,High
35.46,5.41,40.99,0,Low
38.07,7.78,80.39,3,Medium
39.43,8.72,89.3,6,High
38.52,8.7,89.66,6,High
37.89,8.7,85.63,5,Low
38.52,5.75,69.55,3,Medium
38.09,7.79,56.71,2,Medium
39.52,8.09,88.9,6,High
36.77,5.41,51.74,0,Low
37.1,5.82,47.23,0,Low
37.84,6.96,58.55,1,Low
38.05,8.56,91.33,5,High
36.78,4.96,51.2,0,Low
37.5,6.18,64.62,0,Low
37.97,6.65,65.77,2,Medium
39.15,6.18,64.42,2,Medium
39.15,7.37,96.74,4,High
37.05,4.85,39.72,0,Low
39.24,8.78,93.48,6,High
38.21,7.77,71.35,3,Medium
39.41,8.33,92.01,6,High
37.27,6.73,72.21,1,Low
36.77,5.01,54.28,0,Low
39.0,7.38,100.0,4,High
38.85,7.99,86.09,5,High
37.29,5.31,43.71,0,Low
38.94,8.09,92.7,6,High
39.05,8.32,94.82,6,High
38.26,6.07,64.27,1,Low
38.26,8.81,82.25,4,High
38.53,6.34,68.12,3,Medium
38.32,7.48,77.39,2,Medium
36.64,4.63,35.22,0,Low
39.36,7.78,90.32,5,Medium
36.69,4.71,33.57,0,Low
37.96,7.98,89.32,4,High
38.23,6.75,75.77,2,Medium
37.51,6.89,57.37,1,Low
36.13,5.64,40.94,0,Low
38.23,7.79,93.05,4,High
37.43,5.03,67.05,1,Low
38.45,6.05,74.2,2,Medium
38.23,8.48,79.5,4,High
39.44,7.9,82.25,4,High
38.32,8.14,90.82,5,High
39.9,7.77,100.0,5,High
37.94,7.75,81.31,3,Medium
36.88,5.29,38.52,0,Low
38.54,8.57,100.0,6,High
39.24,8.6,78.31,5,High
38.29,7.85,100.0,4,High
37.53,7.72,60.52,2,Medium
37.22,5.03,26.26,0,Low
37.7,8.03,63.94,3,Medium
38.79,6.12,68.07,3,Medium
38.39,8.36,88.2,5,High
37.92,6.86,71.64,2,Medium
36.32,4.92,44.46,0,Low
36.76,3.73,36.23,1,Low
38.39,9.18,90.15,5,High
38.61,8.19,80.28,5,High
36.13,4.81,14.28,0,Low
38.63,7.46,83.19,3,Medium
38.24,6.44,59.63,1,Low
37.93,8.8,66.35,4,High
38.81,9.0,100.0,6,High
36.36,4.28,30.24,0,Low
36.5,5.04,51.67,0,Low
37.24,4.76,51.39,0,Low
37.29,4.93,19.52,0,Low
39.02,7.58,91.18,5,High
38.09,8.6,85.49,5,High
36.37,5.86,44.51,0,Low
37.68,7.17,83.49,2,Medium
36.94,5.42,28.44,0,Low
36.5,4.49,32.23,0,Low
35.93,4.82,44.17,0,Low
36.64,4.7,58.09,0,Low
38.25,6.96,55.98,1,High
38.84,7.75,93.06,5,High
37.91,7.26,79.08,2,Medium
38.91,8.31,100.0,6,High
37.44,9.04,67.27,3,Medium
36.31,3.06,47.89,1,Low
36.14,4.67,56.08,0,Low
35.94,4.84,35.97,0,Low
35.97,5.15,43.21,0,Low
39.02,8.32,78.43,5,High
38.7,8.1,98.39,6,High
39.71,9.07,96.02,6,High
36.81,7.66,71.11,2,Medium
38.49,6.11,65.76,2,Medium
37.34,6.71,80.89,1,Low
38.52,7.71,70.08,4,High
38.24,8.66,77.6,4,High
39.1,9.08,85.4,6,High
38.87,8.41,88.77,6,High
37.5,6.9,74.45,2,Medium
37.02,5.1,54.47,0,Low
39.13,7.82,84.95,4,High
38.22,5.98,71.81,2,Medium
38.56,8.78,89.0,6,High
36.39,6.49,73.38,1,Low
39.48,8.07,88.67,6,High
37.8,5.79,51.52,1,Low
39.81,8.04,91.76,6,High
37.83,8.76,72.62,4,High
36.57,5.16,36.28,0,Low
37.5,6.2,62.27,0,Low
37.29,7.04,71.58,1,Low
38.82,8.67,88.62,6,High
38.0,6.62,93.02,3,Medium
39.19,7.89,100.0,5,High
38.11,7.28,87.19,3,Medium
37.57,5.6,85.52,3,Medium
38.13,9.29,73.25,4,High
38.78,7.62,86.83,5,High
36.31,4.02,64.11,0,Low
37.79,7.41,74.71,2,Medium
36.94,5.09,53.04,0,Low
39.0,8.07,100.0,6,High
38.1,7.13,63.9,1,Low
37.72,6.41,55.42,1,Low
38.03,7.81,75.54,3,Medium
38.22,6.35,74.53,2,Medium
38.78,8.14,89.82,6,High
37.89,7.67,79.4,3,Medium
37.01,7.69,65.42,2,Medium
36.11,4.17,68.72,1,Low
37.17,5.08,39.96,0,Low
37.25,6.79,59.17,0,Low
39.46,8.35,78.14,5,High
38.9,7.87,95.97,5,High
37.32,8.28,69.83,3,Medium
37.7,7.74,64.75,2,Medium
37.56,7.86,78.32,3,Medium
37.29,5.52,41.8,0,Low
36.76,4.42,45.05,0,Low
37.06,6.65,66.97,1,Low
35.68,4.73,39.22,0,Low
36.58,6.26,52.95,0,Low
36.72,4.75,55.31,0,Low
36.19,5.32,59.71,0,Low
38.59,6.69,51.16,2,Medium
37.98,8.19,89.47,5,High
38.57,7.54,86.7,5,High
38.02,6.17,79.01,2,Medium
37.47,6.37,80.75,1,Low
36.25,5.65,70.71,1,Low
37.22,5.73,37.73,0,Low
37.26,6.64,63.74,0,Low
37.53,6.57,75.32,2,Medium
35.67,4.48,26.77,0,Low
38.15,7.01,62.13,1,Low
36.36,4.2,53.9,0,Low
37.07,4.57,59.15,0,Low
39.29,7.89,88.21,5,High
37.75,6.87,65.9,2,Medium
37.32,6.35,60.95,0,Low
39.52,9.09,84.39,5,High
38.21,8.98,98.97,5,High
38.06,7.42,91.37,3,Medium
36.87,6.54,86.18,2,Medium
39.79,8.59,81.33,5,High
37.84,6.04,60.3,1,Low
38.31,8.85,86.51,5,Low
38.54,8.54,73.63,5,High
36.67,6.62,78.54,1,Low
38.12,7.5,84.49,2,Medium
38.55,6.95,49.68,2,Medium
39.09,8.03,94.2,6,High
36.33,3.64,46.6,1,Low
38.55,8.49,100.0,6,High
38.18,5.64,72.46,2,Medium
39.64,7.88,88.07,5,High
37.85,5.91,95.52,3,Medium
38.86,8.41,92.14,6,High
36.51,4.84,31.61,0,Low
36.49,5.42,40.98,0,Low
37.67,5.56,68.39,2,Medium
39.6,7.48,85.38,4,High
39.27,7.66,100.0,5,High
38.18,7.58,68.54,3,Medium
37.22,7.49,57.39,0,Low
37.96,7.1,74.72,2,Medium
38.31,8.63,84.97,4,High
38.22,5.97,74.67,2,Medium
37.91,7.6,71.54,3,Medium
38.26,8.2,95.39,5,High
37.18,4.7,69.83,1,Low
39.07,8.53,99.53,6,High
35.94,5.88,48.29,0,Low
36.61,3.33,42.71,1,Low
39.45,8.8,94.61,6,High
38.0,8.55,95.04,5,High
40.17,7.18,86.89,4,High
39.0,8.21,88.13,6,High
37.35,5.97,59.76,0,Low
37.29,6.76,68.35,1,Low
37.04,4.96,57.75,0,Low
36.59,4.61,44.92,0,Low
36.39,5.36,35.25,0,Low
36.31,5.6,45.73,0,Low
37.32,5.62,63.84,0,Low
38.07,8.57,89.97,5,High
38.67,7.84,100.0,5,High
37.24,7.44,67.84,1,Low
38.58,8.71,98.66,6,High
38.45,8.64,94.6,5,High
38.22,6.68,94.76,3,High
37.05,5.92,65.22,1,Low
36.66,5.41,72.24,1,Low
39.57,7.7,76.6,4,High
35.8,5.01,35.63,0,Low
38.77,6.37,53.62,2,Medium
36.24,5.76,36.2,0,Low
39.11,8.56,96.15,6,High
38.16,7.4,72.01,2,Medium
35.88,5.42,45.51,0,Low
37.24,4.0,64.73,0,Low
38.06,6.48,53.33,1,Low
38.07,7.34,68.02,2,Medium
37.98,9.43,81.26,4,High
36.13,4.87,52.5,0,Low
39.86,8.25,93.69,6,High
38.23,8.06,68.69,4,High
38.53,8.66,93.91,6,High
36.71,5.01,34.76,0,Low
36.67,4.95,44.18,0,Low
36.42,5.1,37.27,0,Low
38.06,5.67,64.15,1,Low
40.12,7.41,93.41,4,High
36.77,5.87,59.59,0,Low
38.0,5.31,70.99,2,Medium
36.51,3.82,49.86,1,Low
38.99,7.46,83.2,3,Medium
39.25,8.89,100.0,6,High
39.8,7.32,95.97,4,High
38.34,8.57,97.56,5,High
38.01,6.91,75.27,2,Medium
39.22,8.32,96.74,6,High
36.53,4.03,48.32,0,Low
38.62,8.28,96.05,6,High
38.59,8.42,66.82,5,High
39.56,8.8,92.99,6,High
38.01,7.24,66.84,2,Medium
38.52,8.96,100.0,6,High
37.7,6.04,82.77,2,Medium
36.76,4.56,50.11,0,Low
39.28,9.03,100.0,6,High
35.91,5.14,70.68,1,Low
36.57,5.99,52.41,0,Low
37.53,6.01,82.24,2,Medium
36.5,4.95,57.43,0,Low
39.17,7.96,99.72,5,High
38.42,7.34,76.91,2,Low
35.95,4.55,42.44,0,Low
38.89,9.27,99.98,6,High
37.3,7.87,69.51,2,Medium
36.96,5.72,15.89,0,Low
38.83,8.64,85.87,6,High
38.26,6.43,75.42,2,Medium
35.92,5.53,48.03,0,Low
38.58,7.72,100.0,5,High
38.53,7.86,78.6,4,High
38.41,8.07,79.64,4,High
39.29,8.59,81.6,5,High
38.13,8.01,75.69,4,High
39.19,8.79,79.7,5,High
36.58,4.83,50.33,0,Low
36.8,4.88,36.17,0,Low
38.07,5.99,68.06,2,Medium
38.92,8.08,85.4,6,High
37.32,7.37,91.87,2,Medium
37.88,5.89,56.38,1,Low
38.49,7.77,87.39,4,High
39.19,7.46,84.54,3,Medium
38.78,9.3,91.86,6,High
36.81,5.38,43.5,0,Low
39.95,7.56,95.29,5,High
38.2,8.17,75.62,4,High
38.45,6.3,71.64,2,Medium
37.38,6.84,73.68,1,Low
36.85,4.43,60.36,0,Low
36.04,5.05,34.01,0,Low
37.9,6.68,75.92,2,Medium
38.13,8.45,81.2,4,High
39.4,8.52,79.97,5,High
36.15,6.24,55.87,0,Low
39.25,7.39,84.62,3,Low
36.55,5.17,45.94,0,Low
38.72,7.94,91.86,5,High
38.0,5.86,60.01,1,Low
38.64,6.92,65.88,3,Medium
38.22,8.99,91.49,5,High
37.82,6.38,83.12,2,Medium
38.99,8.54,84.07,5,High
38.04,5.56,72.53,2,Medium
38.98,8.22,92.07,6,High
37.31,6.53,76.67,1,Low
36.83,6.93,52.37,0,Low
38.72,7.6,87.49,5,High
38.1,7.12,67.86,2,Medium
37.81,7.38,78.41,2,Medium
36.98,4.54,50.63,0,Low
37.38,4.71,47.14,0,Low
37.46,6.74,67.33,1,Low
36.38,5.78,37.82,0,Low
39.09,7.36,94.15,4,High
39.28,7.9,90.07,5,High
38.97,8.76,83.54,5,High
39.17,8.49,70.53,5,High
38.16,7.36,68.56,2,Medium
36.94,4.6,51.53,0,Low
38.02,6.18,78.64,2,Medium
39.02,8.59,86.33,6,High
38.85,8.9,89.23,6,High
37.35,5.79,44.62,0,Low
37.61,5.34,79.45,2,Medium
38.04,6.13,55.73,1,Low
36.43,5.59,29.79,0,Low
35.41,3.47,66.58,2,Medium
37.95,6.14,67.02,2,Medium
36.34,5.17,44.85,0,Low
36.34,5.21,33.28,0,Low
37.66,6.9,83.84,2,Medium
37.06,3.75,39.36,1,Medium
36.92,6.72,84.57,1,Low
36.49,5.23,47.21,0,Low
36.82,5.93,40.68,0,Low
37.79,5.87,74.84,2,Medium
38.5,8.5,80.85,4,High
37.66,7.73,66.07,3,Medium
39.01,8.65,90.88,6,High
38.4,6.73,77.9,2,Medium
37.51,6.07,76.55,2,Medium
38.37,6.66,80.23,2,Medium
39.07,7.98,91.86,5,High
38.87,8.52,90.37,6,High
39.93,8.92,90.64,6,High
38.48,8.1,92.48,5,High
38.27,5.91,79.77,2,Medium
37.41,7.87,84.63,2,Medium
39.33,8.66,100.0,6,High
35.94,6.41,57.79,0,Low
37.39,7.2,67.22,1,Low
39.35,7.86,81.07,4,High
37.63,6.92,56.57,1,Low
36.96,5.42,35.54,0,Low
37.91,7.25,74.05,2,Medium
36.75,6.05,47.46,0,Low
39.02,9.43,79.7,5,High
38.76,8.26,91.55,6,High
36.64,5.89,43.59,0,High
37.57,5.35,72.76,2,Medium
39.17,8.61,86.7,6,High
39.49,9.41,100.0,6,High
36.62,5.15,35.96,0,Low
37.34,6.84,67.08,1,Low
37.88,6.55,58.27,1,Low
37.74,6.31,79.27,2,Medium
35.61,5.0,46.15,0,Low
36.33,4.36,44.91,0,Low
39.83,8.01,89.57,6,High
36.5,5.39,52.76,0,Low
36.74,5.14,46.2,0,Low
36.76,6.42,59.53,0,Low
37.03,4.39,41.87,0,Low
37.34,4.46,39.2,0,Low
37.95,8.26,72.07,4,High
38.72,8.77,100.0,6,High
36.42,5.64,43.45,0,Low
37.1,5.77,39.6,0,Low
36.0,4.37,46.49,0,Low
37.42,6.23,59.35,0,Low
35.62,4.29,22.64,0,Low
37.82,8.22,100.0,5,High
37.0,7.04,60.11,0,Low
38.83,8.94,94.8,6,High
38.25,5.01,62.47,1,Low
37.94,6.64,68.59,2,Medium
38.91,8.52,91.19,6,High
38.1,7.46,64.44,1,Low
39.6,7.54,100.0,5,High
38.69,7.63,100.0,5,High
37.65,6.5,70.96,2,Medium
38.82,6.08,90.46,4,High
37.12,5.92,42.75,0,Low
38.24,8.66,85.42,5,High
38.79,9.04,91.45,6,High
38.45,8.83,84.78,4,High
36.71,5.46,48.01,0,Low
39.43,9.24,85.33,6,High
38.15,6.54,68.69,2,Medium
36.37,4.81,43.8,0,Low
36.62,4.14,30.65,0,Low
37.34,5.55,76.36,1,Low
36.42,5.21,47.26,0,Low
36.9,3.18,42.11,1,High
37.92,7.4,70.81,2,Medium
38.46,6.71,68.02,2,Medium
36.92,4.77,28.76,0,Low
38.99,8.62,100.0,6,High
40.27,8.34,79.52,5,High
37.71,7.27,60.53,1,Low
38.8,7.93,96.49,5,High
38.48,6.54,82.03,2,Medium
35.91,4.15,45.11,0,Low
36.3,4.67,42.41,0,Low
38.61,7.88,79.24,4,High
39.61,8.25,84.08,5,High
38.55,9.05,100.0,6,High
35.85,6.6,49.65,0,Low
37.08,5.49,60.73,0,Low
36.76,4.17,53.0,0,Low
37.08,5.2,43.24,0,Low
36.17,5.55,62.88,0,Low
38.18,7.15,70.08,2,Medium
35.95,4.45,19.33,0,Low
39.12,8.18,72.48,5,High
37.9,8.38,63.01,3,Medium
36.36,5.04,59.58,0,Low
37.55,7.93,70.46,3,Medium
38.49,9.04,92.19,5,Low
36.67,4.65,44.98,0,Low
37.08,4.86,27.04,0,Low
35.74,5.43,31.18,0,Low
38.86,8.46,91.27,6,High
36.44,5.3,64.68,0,Low
37.22,6.52,54.34,0,Low
38.41,7.08,71.66,2,Medium
39.63,8.89,93.65,6,Medium
36.98,5.57,42.71,0,Low
39.58,9.2,84.0,5,High
39.11,8.49,85.82,6,High
38.11,7.23,87.59,3,Medium
36.56,4.12,42.93,0,Low
39.35,8.45,87.78,6,High
36.98,4.2,47.45,0,Low
37.01,7.35,53.26,0,Low
37.32,7.94,58.43,1,Low
36.67,4.71,26.94,0,Low
36.9,5.97,64.25,0,Low
37.25,5.77,43.16,0,Low
36.8,6.03,59.81,0,Low
36.01,4.63,68.21,1,Low
36.03,5.66,39.83,0,Low
38.66,7.17,66.18,3,Medium
40.13,8.19,100.0,6,High
36.34,4.64,62.36,0,Low
35.66,5.38,43.55,0,Low
36.73,4.06,39.4,0,Low
37.65,6.74,59.84,1,Low
36.85,6.26,43.08,0,Low
38.78,6.34,68.22,3,Medium
35.98,5.5,52.0,0,Low
37.05,5.91,43.67,0,Low
38.95,5.58,55.73,2,Medium
38.71,6.95,79.99,3,Medium
37.65,5.3,77.8,2,Medium
38.13,8.51,98.49,5,High
38.19,7.23,67.85,2,Medium
39.24,8.57,97.15,6,Medium
38.25,6.8,65.17,2,Medium
36.25,5.62,27.98,0,Low
36.44,6.13,57.65,0,Low
37.28,5.94,30.91,0,Low
37.86,7.7,85.91,4,High
37.48,3.44,40.58,1,Low
39.59,8.98,97.63,6,High
38.33,7.21,53.29,1,Low
38.54,8.82,88.56,6,High
38.78,8.42,89.34,6,High
38.84,7.6,66.65,4,High
36.78,4.21,48.87,0,Low
38.86,7.5,81.06,3,Medium
36.63,5.15,20.86,0,Low
36.83,5.14,19.15,0,Low
39.12,8.97,84.76,5,High
37.4,5.92,77.37,1,Low
36.38,6.0,45.09,0,Low
37.08,5.52,84.37,1,Low
37.95,5.91,71.01,2,Medium
39.61,9.5,93.87,6,High
37.38,7.19,100.0,2,Medium
36.41,5.46,62.79,0,Low
36.4,5.05,37.47,0,Low
38.11,6.95,91.32,3,Medium
37.18,4.25,51.3,0,Low
36.8,5.48,45.6,0,Low
37.31,5.82,54.17,0,Low
35.88,5.96,33.11,0,Low
39.24,8.94,80.77,5,High
36.65,4.87,55.25,0,Low
36.81,4.49,29.44,0,Low
38.34,8.48,93.62,5,High
37.59,4.49,43.57,1,Low
39.44,8.97,93.43,6,High
36.27,5.64,55.86,0,Low
35.77,4.36,54.88,0,Low
36.85,5.74,38.08,0,Low
38.26,7.89,86.06,4,High
37.53,6.58,67.17,2,Medium
37.7,7.08,64.23,1,Low
35.75,3.9,30.52,1,High
35.71,4.62,28.6,0,Low
38.44,6.44,69.52,2,Medium
36.83,4.47,46.91,0,Low
38.11,7.21,56.33,1,Low
38.83,8.53,96.65,6,High
38.72,8.76,83.02,5,High
36.3,6.74,61.78,0,Low
35.61,4.55,50.64,0,Low
36.8,4.61,44.61,0,Low
39.47,8.26,83.49,5,High
38.22,5.98,68.22,2,Medium
37.85,5.99,51.48,1,Low
38.38,5.37,73.69,2,Medium
36.9,4.71,33.68,0,Low
39.05,8.26,88.56,6,High
39.15,8.48,91.61,6,High
39.91,7.83,100.0,5,High
39.57,8.94,87.66,6,High
36.83,4.39,40.51,0,Low
37.06,4.26,43.33,0,Low
36.35,6.65,47.8,0,Low
39.61,7.98,98.06,5,High
37.67,7.64,85.7,4,High
37.46,7.25,63.77,0,Low
39.43,7.87,74.28,4,High
37.9,5.31,67.03,2,Medium
39.88,9.5,81.53,5,High
38.32,8.01,100.0,5,High
36.46,4.34,58.75,0,Low
37.68,6.76,63.39,1,Low
39.62,7.35,100.0,4,High
39.67,8.29,85.97,6,High
36.58,5.15,33.96,0,Low
36.21,4.15,35.19,0,Low
37.69,7.15,71.21,2,Medium
37.57,8.48,90.05,5,High
36.96,4.88,47.07,0,Low
38.21,5.3,77.77,2,Medium
36.36,4.84,43.09,0,Low
38.22,5.85,38.22,1,Low
38.24,6.06,57.39,1,Medium
38.3,5.51,62.79,1,Low
37.92,7.93,55.89,2,Medium
35.83,3.58,44.29,1,Low
38.88,8.16,88.43,6,High
36.82,4.78,58.24,0,Low
38.32,7.19,88.62,3,Medium
35.93,5.37,23.67,0,Low
39.0,8.17,81.72,5,High
37.9,6.25,72.0,2,Medium
37.08,5.9,73.5,1,Low
37.12,4.36,51.9,0,Low
38.33,8.43,89.47,5,High
36.62,4.91,43.16,0,Low
37.25,6.86,61.97,0,Low
38.76,8.64,91.48,6,High
38.56,8.58,70.83,5,High
37.78,7.35,85.89,3,Medium
37.44,5.49,49.28,0,Low
38.99,7.87,83.47,4,High
38.62,8.72,74.51,5,High
36.16,4.71,48.66,0,Low
36.68,4.85,37.07,0,Low
38.81,7.74,90.06,5,High
36.29,6.11,49.98,0,Low
37.97,5.98,65.63,2,Medium
35.98,5.27,38.93,0,Low
36.32,7.07,37.05,0,Low
37.94,8.66,100.0,5,High
37.24,5.52,42.73,0,Low
39.01,8.73,93.18,6,High
38.8,9.39,92.01,6,High
36.87,5.19,46.3,0,Low
36.96,5.18,36.67,0,Low
38.86,8.02,100.0,6,High
38.38,6.11,71.31,2,Medium
36.12,4.49,44.79,0,Low
39.43,7.88,95.23,5,High
35.7,4.84,26.18,0,Low
35.84,4.27,49.96,0,Low
37.99,9.42,81.99,4,High
36.5,5.5,50.55,0,Low
37.74,6.62,77.49,2,Medium
40.11,7.74,89.93,5,High
37.25,6.1,60.29,0,Low
37.41,7.36,62.17,0,Low
37.7,7.59,72.15,3,Medium
35.88,4.2,29.66,0,Low
38.17,6.11,64.36,1,Low
38.37,8.48,87.7,5,High
37.23,5.92,53.06,0,Low
39.26,7.99,100.0,5,High
38.03,6.9,87.4,3,Medium
38.82,6.65,55.94,2,Medium
35.77,5.46,32.54,0,Low
38.47,6.26,67.32,2,Medium
36.41,6.8,54.34,0,Low
36.29,4.97,46.56,0,Low
39.22,7.63,82.33,4,High
36.02,5.51,44.83,0,Low
37.95,5.45,76.93,2,Low
38.44,5.95,49.79,1,Low
35.99,6.28,44.88,0,Low
36.46,4.87,44.61,0,Low
38.06,5.95,86.23,3,High
37.67,4.54,76.34,2,Medium
38.96,7.96,85.4,5,High
39.18,8.58,88.15,6,High
36.56,4.65,47.38,0,Low
36.72,3.92,32.67,1,Low
36.49,4.88,64.32,0,Low
38.22,8.68,74.04,4,High
36.29,5.0,37.41,0,Low
37.09,5.72,25.24,0,Low
38.62,8.56,99.14,6,High
38.62,7.95,94.71,5,High
38.82,7.95,69.03,4,High
36.51,5.89,45.07,0,Low
37.77,5.13,57.89,1,High
38.36,5.23,67.58,2,Medium
37.08,5.47,52.71,0,Low
37.72,7.87,59.56,2,Medium
38.28,5.6,75.73,2,Medium
38.44,6.75,70.56,2,Medium
38.5,7.78,93.8,5,Low
38.66,8.15,100.0,6,High
37.66,5.43,69.58,2,Medium
39.4,8.26,97.65,6,High
39.57,8.79,100.0,6,Medium
38.23,7.42,85.7,3,Medium
37.57,5.43,47.75,1,Low
39.08,7.87,91.69,5,High
39.18,8.14,97.48,6,High
39.01,8.92,100.0,6,High
37.44,5.12,45.03,0,Low
37.9,6.17,64.85,1,Low
39.22,8.21,87.12,6,High
37.62,6.35,75.05,2,Medium
38.22,7.43,97.64,3,Medium
36.87,6.13,64.43,0,Low
36.72,5.52,53.51,0,Low
37.5,7.92,96.79,3,Medium
38.52,6.77,71.32,3,Medium
37.64,6.36,72.71,2,Medium
38.38,7.32,80.99,2,Medium
37.05,6.8,98.99,2,Medium
38.57,8.45,95.82,6,High
37.28,4.88,43.91,0,Low
39.59,7.75,76.34,4,High
37.67,8.02,99.49,5,High
38.42,7.3,94.1,3,Medium
38.1,6.45,79.57,2,Medium
37.46,4.63,61.89,0,Low
38.88,8.53,92.09,6,High
37.8,6.24,66.65,2,Medium
37.02,4.14,42.39,0,Low
38.32,5.38,69.08,2,Medium
38.93,9.01,83.43,5,High
37.01,4.62,23.9,0,Low
37.22,4.12,73.03,1,Low
38.95,7.47,90.33,4,Low
38.01,4.65,39.07,1,Low
39.99,8.88,80.39,5,High
37.77,8.74,76.92,4,High
38.9,8.47,87.91,6,High
39.33,8.59,80.16,5,High
36.2,6.22,69.27,1,Low
37.12,3.0,42.66,1,Low
38.36,5.82,67.06,2,Medium
38.11,5.29,81.3,2,Medium
38.62,8.51,88.26,6,High
38.21,8.57,76.87,4,High
37.84,6.63,72.72,2,Medium
40.03,8.3,91.86,6,High
38.4,7.26,74.42,2,Medium
36.99,5.37,69.24,1,Low
38.19,6.82,75.82,2,Medium
37.89,5.73,73.87,2,Medium
37.05,5.24,27.37,0,Low
39.44,8.34,76.83,5,High
37.15,5.44,71.18,1,Low
39.16,8.56,89.9,6,Medium
37.36,6.45,56.79,0,Low
38.95,8.13,100.0,6,High
38.82,7.35,86.9,4,High
38.32,6.44,68.09,2,Medium
37.2,6.28,66.18,1,Low
36.88,4.84,41.97,0,Low
39.22,7.78,95.98,5,High
38.79,7.59,89.87,5,High
38.71,7.86,94.51,5,High
38.69,7.21,93.65,4,High
39.03,8.29,74.89,5,High
39.21,8.58,90.94,6,High
38.54,7.13,57.97,2,Medium
36.72,5.48,39.14,0,Low
35.7,4.27,20.23,0,Low
37.35,6.44,47.82,0,Low
37.79,7.18,54.37,1,Low
39.76,7.57,84.01,4,High
38.04,6.3,70.77,2,Medium
37.58,4.91,44.5,1,Low
36.33,4.07,48.0,0,Low
39.12,8.14,78.41,5,Medium
38.16,8.05,86.9,5,High
38.02,7.15,74.33,2,Medium
37.91,8.36,85.95,5,High
40.03,9.39,82.48,5,High
39.42,8.66,87.16,6,High
38.9,8.28,77.7,5,High
37.77,7.17,72.35,2,Medium
37.88,7.43,68.01,2,Medium
38.18,6.15,56.76,1,Low
36.74,4.93,19.41,0,Low
38.48,6.44,68.35,2,Medium
38.3,7.62,42.27,2,Medium
38.22,8.77,62.18,3,Medium
37.9,6.58,76.54,2,Medium
37.86,6.61,75.23,2,Medium
37.73,7.63,82.6,3,Medium
36.52,3.5,43.22,1,Low
37.84,6.26,69.79,2,Medium
37.26,7.78,60.3,1,High
39.47,8.75,96.36,6,High
38.26,7.9,74.25,3,Medium
37.64,7.36,63.73,1,Low
36.57,5.06,58.5,0,Low
36.69,5.63,27.33,0,Low
38.31,6.85,84.67,2,Medium
37.05,7.42,78.66,1,Low
38.1,7.4,61.86,1,Low
37.99,7.52,58.34,2,Medium
38.75,8.45,89.93,6,High
37.22,4.62,41.49,0,Low
36.24,5.36,48.85,0,Low
36.88,6.46,36.03,0,Low
36.07,4.51,33.31,0,Low
39.65,9.12,94.03,6,High
36.42,3.86,57.64,1,Low
37.52,7.22,68.98,2,Medium
36.01,4.99,57.04,0,Low
38.4,7.45,83.52,2,Medium
39.11,7.72,72.31,4,High
35.91,4.37,53.27,0,Low
36.11,5.11,73.29,1,Low
36.67,5.25,23.99,0,Low
36.64,8.18,85.27,4,High
38.98,7.27,88.25,4,High
37.97,6.35,52.42,1,Low
38.86,7.15,82.61,3,Medium
37.83,6.97,64.97,1,Low
36.64,5.74,40.71,0,Low
37.62,6.08,59.74,1,Low
35.74,5.21,22.14,0,Low
38.09,7.97,94.84,4,High
36.06,4.89,36.31,0,Low
37.54,7.46,65.12,2,Medium
38.11,5.99,66.33,2,Medium
37.0,3.85,28.91,1,Low
38.24,7.79,83.81,3,Medium
37.86,7.44,58.55,1,Low
36.82,4.3,44.22,0,Low
36.72,5.66,54.98,0,High
36.65,4.58,42.64,0,Low
36.69,5.32,36.53,0,Low
38.28,7.41,72.15,2,Medium
37.24,5.2,43.62,0,Low
38.36,7.77,89.57,4,High
37.01,4.33,39.34,0,Low
37.92,6.53,69.33,2,Medium
38.63,7.74,98.65,5,High
37.8,6.42,74.19,2,Medium
38.6,8.14,98.56,6,High
36.01,4.66,55.63,0,Low
36.56,4.99,40.37,0,Low
36.39,5.31,35.8,0,Low
37.04,4.59,44.34,0,Low
36.03,5.73,38.35,0,Low
37.48,4.44,42.04,0,Low
38.81,8.1,80.17,5,High
36.52,5.25,48.67,0,Low
38.91,7.1,93.68,4,High
40.08,8.2,82.46,5,High
38.7,8.46,90.22,6,High
35.78,5.18,61.6,0,Low
39.39,8.81,92.13,6,High
38.0,7.77,75.3,3,Medium
38.62,8.08,89.05,6,High
38.48,4.92,70.31,2,Medium
38.08,8.6,84.2,4,High
38.82,7.61,75.74,4,High
36.52,6.4,54.63,0,Low
37.2,7.25,69.44,1,Low
36.81,4.81,51.37,0,Low
38.54,8.58,86.02,6,High
36.33,5.79,41.63,0,Low
37.49,4.48,9.95,0,Low
37.73,6.11,64.11,1,Low
38.55,6.93,82.84,3,Medium
36.45,4.73,51.74,0,Low
39.5,8.04,91.4,6,High
38.67,7.52,83.55,4,High
39.3,8.96,79.15,5,High
37.72,7.44,64.72,1,Low
37.19,7.19,68.39,1,Low
37.77,7.7,59.95,2,Medium
38.53,6.86,76.7,3,Medium
36.58,4.76,54.98,0,Low
37.14,4.17,60.66,0,Low
36.22,4.88,54.97,0,Low
37.77,7.47,71.4,2,Medium
36.25,5.29,44.01,0,Low
37.02,4.66,64.11,0,Low
38.79,7.78,82.2,4,High
38.79,6.91,62.08,2,Medium
37.04,6.37,63.66,0,Low
36.76,6.73,80.28,1,Low
37.76,7.72,83.17,3,Medium
38.17,9.21,90.35,5,High
37.4,4.99,49.8,0,Low
38.08,7.83,100.0,4,High
38.04,6.02,79.11,2,Medium
37.96,7.86,100.0,4,High
37.67,6.26,53.6,1,Low
36.68,5.55,55.93,0,Low
39.23,7.78,94.3,5,High
36.83,5.26,45.83,0,Low
37.96,7.56,87.84,4,High
36.4,4.74,60.72,0,Low
37.11,5.21,38.57,0,Low
38.26,7.75,68.68,3,Medium
37.87,8.0,71.3,4,High
38.2,6.29,58.9,1,Low
36.04,4.29,35.81,0,Low
36.91,5.83,57.54,0,Low
39.51,7.8,75.43,4,High
38.42,7.82,82.33,3,Medium
36.91,6.2,24.3,0,Low
37.5,7.41,67.95,2,Medium
36.96,5.67,44.77,0,Low
36.74,4.84,42.11,0,Low
39.45,8.35,98.29,6,High
38.13,6.39,80.4,2,Medium
37.9,5.22,53.37,1,Low
37.85,6.59,72.94,2,Medium
38.48,7.05,65.37,2,Medium
35.94,6.16,38.51,0,Low
38.04,7.04,68.83,2,Low
37.46,5.08,58.5,0,Low
36.39,5.3,45.54,0,Low
38.79,8.55,86.01,6,High
38.8,9.47,75.33,5,High
36.47,4.55,41.67,0,Low
39.33,8.31,98.74,6,High
38.31,6.36,74.94,2,Medium
38.41,7.26,73.82,2,Medium
39.08,7.49,98.37,4,High
38.57,7.1,59.34,2,Medium
38.24,6.36,55.58,1,Low
37.4,7.7,65.93,2,Medium
37.63,8.28,100.0,5,High
36.52,4.72,36.79,0,Low
35.95,4.92,51.19,0,Low
36.1,5.72,53.76,0,Low
35.95,4.33,51.54,0,Low
37.0,4.77,33.9,0,Low
36.32,5.13,26.4,0,Low
39.51,7.77,96.52,5,High
36.32,4.88,65.91,1,Low
39.3,8.83,84.23,5,High
36.67,3.96,39.54,1,Low
39.21,8.11,90.9,6,High
36.99,4.61,63.42,0,Low
38.24,6.13,59.8,1,Low
36.63,3.76,50.94,1,Low
38.19,6.26,62.06,1,Low
37.82,7.15,76.02,2,Medium
37.33,6.98,66.37,1,Low
38.33,7.58,83.98,3,Medium
37.84,6.6,52.65,1,Low
38.71,8.5,95.43,6,High
37.44,8.04,72.9,3,Medium
37.84,7.67,79.34,3,Medium
37.42,5.68,43.17,0,Low
38.43,7.18,55.42,1,Low
38.16,5.01,36.1,1,Low
37.49,5.59,61.89,0,Low
39.65,7.69,91.3,5,High
37.29,5.22,37.49,0,Low
37.06,4.94,78.31,1,Low
38.74,8.7,100.0,6,High
40.06,8.5,92.42,6,High
35.96,5.67,15.65,0,Low
36.61,4.45,39.58,0,Low
38.45,6.25,65.3,2,Medium
38.25,6.6,50.34,1,Low
39.16,8.78,89.41,6,High
37.59,5.0,53.63,1,Low
36.94,3.98,39.46,1,Low
36.3,5.88,37.65,0,Low
39.81,8.18,97.95,6,High
36.66,5.53,67.08,1,Low
37.42,5.99,79.94,1,Low
36.33,3.5,36.9,1,Low
36.57,5.13,38.72,0,Low
39.11,8.55,91.27,6,High
36.83,4.35,49.48,0,Low
37.18,5.29,33.42,0,Low
38.64,8.31,89.02,6,High
37.34,5.12,38.81,0,Low
37.76,6.26,33.26,1,Low
37.17,5.75,58.03,0,Low
38.79,8.35,95.31,6,High
37.92,5.92,56.56,1,Low
38.22,6.53,51.29,1,Low
37.28,8.13,64.21,2,Medium
38.44,6.04,70.76,2,Medium
36.66,5.25,29.04,0,Low
38.61,8.41,97.36,6,High
39.11,8.59,95.51,6,High
36.58,5.11,56.18,0,Low
38.1,8.5,88.35,5,High
39.2,9.06,76.96,5,High
37.38,7.96,100.0,3,Medium
37.94,7.41,52.84,1,Low
37.93,8.29,57.64,3,Medium
38.34,7.58,99.02,4,High
36.32,4.64,38.24,0,Low
38.14,8.04,87.13,5,High
38.99,8.34,85.55,6,High
40.2,9.47,81.57,5,High
37.37,7.65,66.01,2,Medium
38.9,6.79,77.06,3,Medium
36.31,5.74,34.8,0,Low
38.55,7.91,81.29,4,High
37.69,4.85,67.67,2,Medium
36.93,5.55,50.08,0,Low
38.62,8.06,100.0,6,High
37.54,5.9,55.18,1,Low
38.0,7.83,80.41,3,Medium
36.56,4.82,29.4,0,Low
38.97,8.59,80.89,5,High
38.0,6.91,63.17,1,Low
40.13,7.53,95.76,5,High
39.3,7.08,85.8,4,High
36.49,5.59,22.71,0,Low
36.34,6.11,50.18,0,Low
38.62,9.13,95.71,6,High
37.77,6.61,64.62,1,Low
37.56,7.91,66.19,3,Medium
36.67,6.55,45.11,0,Low
37.6,6.59,70.13,2,Medium
38.78,8.73,83.6,5,High
36.95,4.42,58.14,0,Low
36.9,6.5,73.72,1,Low
39.24,8.88,80.33,5,High
37.21,4.38,56.58,0,Low
36.74,4.77,33.16,0,Low
39.28,8.4,86.7,6,High
36.68,5.28,53.81,0,Low
37.17,6.87,52.53,0,High
37.65,7.19,89.83,3,Medium
40.26,8.06,92.78,6,High
37.1,5.03,44.26,0,Low
37.94,7.48,67.64,2,Medium
37.17,4.55,64.14,0,Low
38.93,8.26,90.55,6,High
37.81,5.71,86.26,3,Medium
38.33,6.61,59.92,1,Low
38.87,6.25,46.44,2,Medium
37.35,6.16,57.46,0,Low
38.93,6.95,90.22,4,High
37.83,6.66,60.36,1,Low
37.52,6.31,44.97,1,Low
37.41,7.31,87.6,2,Medium
39.18,8.52,94.22,6,High
40.12,8.06,95.39,6,High
37.58,7.02,76.71,2,Medium
36.16,4.68,39.53,0,Low
38.06,7.13,79.8,2,Medium
37.61,8.04,68.36,4,High
37.81,7.71,81.72,3,Medium
36.61,4.39,68.1,1,Low
37.67,7.94,64.64,2,Medium
38.64,6.06,75.82,3,Medium
40.47,7.75,100.0,5,High
37.28,6.7,70.02,1,Low
38.06,7.57,72.38,3,Medium
37.83,6.8,72.17,2,Medium
36.74,4.02,38.25,0,Low
37.16,5.91,66.3,1,Low
38.03,8.46,81.4,4,High
40.72,8.38,83.09,5,High
38.59,7.62,100.0,5,High
38.07,6.49,66.89,2,Medium
36.75,3.0,74.05,2,Medium
39.11,8.85,93.72,6,High
37.69,5.82,72.8,2,Medium
36.28,4.49,59.65,0,Low
38.65,7.98,89.48,5,High
38.58,8.34,91.79,6,High
40.0,9.11,97.32,6,High
36.29,5.01,52.03,0,Low
39.27,8.13,96.29,6,High
38.34,6.77,61.66,1,Low
37.56,7.01,75.2,2,Medium
38.6,8.35,82.8,5,High
37.75,6.22,70.53,2,Medium
36.18,4.83,50.61,0,Low
35.77,3.92,39.98,1,Low
37.73,8.13,56.21,3,Medium
40.18,8.44,87.06,6,High
39.16,9.22,85.75,6,High
37.21,6.88,55.94,0,Low
38.35,8.84,85.93,5,High
37.94,8.28,80.37,4,High
39.01,7.55,68.72,4,High
37.44,7.73,54.67,1,Low
38.09,8.35,90.45,5,High
38.45,6.35,73.27,2,Medium
35.86,4.48,45.65,0,Low
39.75,8.07,87.47,6,High
38.06,6.56,67.26,2,Medium
38.18,6.35,62.28,1,Low
37.08,7.84,80.79,2,Medium
38.64,7.86,89.61,5,High
36.4,5.07,39.94,0,Low
38.45,6.46,59.9,1,Low
36.63,5.21,27.86,0,Low
38.39,7.04,76.37,2,Medium
37.75,5.96,54.66,1,Low
38.78,6.06,62.73,2,Medium
39.63,7.43,74.27,3,Medium
38.06,7.16,67.95,2,Medium
37.14,6.13,71.05,1,Low
37.75,6.51,66.97,2,Medium
36.1,3.72,46.74,1,Low
35.91,5.04,41.46,0,Low
37.61,8.61,80.14,4,High
36.2,4.73,58.83,0,Low
37.17,5.23,49.75,0,Low
38.71,8.07,99.79,6,High
36.73,5.16,58.89,0,Low
38.12,7.46,52.95,1,Low
37.53,8.67,95.39,5,High
37.56,6.35,68.79,2,Medium
37.45,5.56,48.97,0,Low
36.47,4.73,43.45,0,Low
38.79,7.53,98.2,5,High
37.31,3.86,67.82,2,Medium
38.18,7.83,100.0,4,High
36.48,4.45,28.49,0,Low
37.0,5.95,49.76,0,Low
38.15,8.48,87.04,5,High
38.24,8.77,93.65,5,High
38.52,8.31,79.3,5,High
37.38,7.26,87.42,2,Medium
35.7,4.13,47.6,0,Low
39.02,8.62,87.3,6,High
38.95,7.81,95.79,5,High
37.04,5.03,42.42,0,Low
36.11,5.84,42.5,0,Low
38.37,8.18,79.02,4,High
36.79,5.22,34.16,0,Low
39.22,8.07,87.7,6,High
36.12,5.76,31.14,0,Low
36.95,4.64,30.39,0,Low
36.29,5.37,32.07,0,Low
35.86,4.84,31.24,0,Low
38.6,7.49,84.73,3,Medium
38.11,8.85,87.12,5,High
38.53,8.75,83.91,5,High
38.39,8.5,98.29,5,High
35.91,4.34,59.04,0,Low
39.49,7.94,91.13,5,High
37.6,6.1,72.26,2,Medium
38.13,6.41,60.7,1,Low
38.28,8.85,89.08,5,High
39.18,8.15,76.74,5,High
39.53,8.25,76.55,5,High
37.62,6.1,58.55,1,Low
36.92,6.13,71.2,1,Low
39.23,7.69,100.0,5,High
36.73,5.34,34.43,0,Low
36.34,5.49,22.92,0,Low
37.69,7.72,69.56,3,Medium
36.85,4.91,54.45,0,Low
36.84,3.4,33.21,1,Low
38.15,8.73,95.65,5,High
37.7,7.86,100.0,4,High
37.5,6.0,82.15,2,Medium
37.59,7.93,75.79,3,Medium
37.29,7.73,70.17,2,Medium
37.83,7.53,80.08,3,Medium
37.35,6.06,65.37,1,Low
36.47,4.88,51.11,0,Low
38.1,7.02,71.23,2,Medium
38.36,5.93,73.7,2,Medium
39.17,7.37,81.14,3,Medium
39.5,8.5,96.83,6,High
39.0,7.9,96.5,5,High
37.87,6.71,85.91,3,Medium
37.94,7.19,69.02,2,Medium
38.09,6.77,88.42,3,Medium
36.3,5.51,48.69,0,Low
38.59,8.31,89.21,6,High
38.37,8.55,93.34,5,High
38.89,7.95,96.31,5,High
37.14,5.76,60.09,0,Low
36.36,5.08,49.56,0,Low
39.7,8.55,82.86,5,High
37.95,5.92,61.7,1,Low
39.99,8.81,100.0,6,High
38.18,7.06,75.4,2,Medium
37.53,7.39,84.59,2,Medium
37.74,7.18,63.5,1,Low
39.59,7.93,90.15,5,High
38.54,7.48,67.59,3,Medium
38.69,8.54,91.51,6,Low
36.71,5.53,44.5,0,Low
37.41,8.84,67.16,3,Medium
39.24,7.95,90.06,5,High
38.35,8.46,76.81,4,High
39.38,8.58,76.11,5,High
37.29,7.91,59.34,1,Low
39.21,7.69,97.96,5,High
38.17,7.44,97.81,3,Medium
38.89,7.52,84.63,4,High
35.9,4.65,32.02,0,Low
39.3,7.42,87.63,4,High
38.31,8.46,90.84,5,High
39.08,7.94,90.53,5,High
36.55,4.08,59.92,0,Low
38.27,8.02,88.2,5,High
35.67,4.53,40.72,0,Low
37.99,7.73,78.42,3,Medium
36.98,7.37,71.46,1,Low
38.87,6.14,41.25,2,Medium
39.19,8.22,80.27,5,High
36.42,4.13,51.25,0,Low
37.59,6.19,72.63,2,Medium
38.0,6.94,69.28,2,Medium
37.24,5.97,62.7,0,Low
37.63,4.06,39.97,1,Low
36.45,5.75,41.3,0,Low
37.01,6.27,61.89,0,Low
37.77,6.69,69.5,2,Medium
37.97,6.12,79.37,2,Medium
37.88,5.78,70.62,2,Medium
37.61,6.35,72.87,2,Medium
36.89,6.01,52.74,0,Low
37.53,4.49,35.43,1,Low
37.9,6.98,67.51,2,Medium
39.87,7.54,95.49,5,High
35.81,4.42,37.05,0,Low
38.68,8.15,78.34,5,High
37.94,7.2,64.59,1,Low
37.56,3.66,48.34,2,Medium
37.7,6.29,60.14,1,Low
35.32,4.78,43.92,0,Low
37.36,4.58,42.15,0,Low
37.86,7.85,94.73,4,High
38.44,8.17,72.49,4,High
39.38,8.29,92.8,6,High
36.75,3.92,25.5,1,Low
38.23,8.2,91.11,5,High
36.15,5.63,43.93,0,Low
36.0,4.88,58.17,0,Low
38.42,7.87,82.09,3,Medium
38.06,8.12,95.07,5,High
37.85,6.62,80.55,2,Medium
36.31,4.41,31.35,0,Low
36.53,5.04,60.3,0,Low
37.08,7.32,72.26,1,Low
38.06,5.42,84.63,2,Medium
38.38,7.85,76.37,3,Medium
36.36,4.07,54.32,0,Low
36.59,4.79,50.22,0,Low
38.25,7.81,87.63,4,High
36.6,5.15,26.7,0,Low
36.6,6.79,40.35,0,Low
39.31,6.96,69.32,3,Medium
38.66,5.87,74.27,3,Medium
37.81,5.66,83.43,2,Medium
38.17,8.95,85.97,5,Medium
39.4,8.48,72.43,5,High
36.55,4.77,43.69,0,Low
39.02,7.38,87.71,4,High
38.3,7.66,61.8,2,Medium
37.07,4.7,31.7,0,Low
39.06,7.76,99.59,5,High
36.15,5.16,36.77,0,Low
38.39,6.89,71.21,2,Medium
37.88,8.44,91.28,5,High
36.9,4.86,57.39,0,Low
36.72,4.78,50.54,0,Low
38.72,8.41,78.74,5,High
37.98,7.35,87.43,3,Medium
36.5,3.85,58.82,1,Low
38.54,7.67,72.26,4,High
37.94,8.48,66.48,4,High
37.15,5.82,34.83,0,Low
38.6,8.24,98.83,6,High
39.55,8.26,100.0,6,High
37.85,7.26,66.63,2,Medium
36.48,4.82,25.89,0,Low
35.57,4.76,47.92,0,Low
37.69,6.73,62.16,1,Low
37.93,6.08,72.68,2,Medium
37.82,8.74,68.59,4,High
36.39,4.32,53.23,0,Low
37.62,6.37,60.15,1,Low
36.37,5.61,47.36,0,Low
39.35,8.51,100.0,6,High
38.89,9.13,90.02,6,High
38.19,6.15,75.33,2,Medium
36.51,5.4,27.15,0,Low
38.62,9.5,91.25,6,High
35.91,5.91,40.8,0,Low
39.1,8.59,95.07,6,High
36.68,5.16,49.04,0,Low
38.45,6.85,61.83,1,Low
36.98,3.75,23.63,1,Low
37.36,4.11,46.21,0,Low
38.74,8.38,79.66,5,High
38.72,8.11,80.99,5,High
36.39,4.7,48.39,0,Low
39.4,7.64,78.82,4,High
36.63,4.13,28.35,0,Low
36.22,3.98,56.58,1,Low
37.17,5.02,48.54,0,Low
36.57,5.89,68.74,1,Low
35.71,4.96,31.53,0,Low
37.89,7.39,80.67,2,Medium
37.03,4.75,78.88,1,Low
36.34,5.63,54.03,0,Low
38.24,5.13,85.89,3,Medium
39.65,6.98,92.05,4,High
39.24,8.39,92.93,6,High
37.87,6.66,74.95,2,Medium
36.68,4.11,46.29,0,Low
39.89,6.42,90.51,4,High
38.79,7.92,87.86,5,High
38.21,8.91,89.55,5,High
39.57,7.27,85.56,4,High
40.19,7.79,72.76,4,High
39.17,8.67,100.0,6,High
37.99,6.09,86.24,3,Medium
37.57,6.47,57.48,1,Low
36.48,5.51,40.34,0,Low
35.8,5.15,45.87,0,Low
38.62,8.43,100.0,6,High
38.95,8.77,83.79,5,High
38.88,7.41,91.35,4,High
36.88,4.17,45.12,0,Low
38.94,7.82,58.23,3,Medium
36.36,5.2,35.73,0,Low
38.69,8.63,92.3,6,High
36.71,5.28,51.35,0,Low
36.64,6.22,46.7,0,Medium
37.95,6.63,65.65,2,Medium
38.6,8.11,83.68,5,High
38.77,6.99,94.72,4,High
36.1,5.54,28.22,0,Low
36.57,3.41,47.14,1,Low
36.32,4.48,43.47,0,Low
35.67,5.89,42.07,0,Low
37.34,7.42,57.02,0,Low
36.31,4.63,31.76,0,Low
36.6,5.16,35.57,0,Low
38.34,5.47,69.94,2,Medium
36.07,5.18,38.46,0,Low
37.26,5.64,21.81,0,Low
36.9,4.8,63.01,0,Low
36.75,4.28,50.9,0,Low
38.55,7.14,61.75,2,Medium
40.24,8.07,94.4,6,High
38.95,7.3,90.0,4,High
37.5,3.74,41.63,1,Low
36.48,4.88,35.0,0,Low
36.99,6.3,60.11,0,Low
37.51,6.42,65.48,2,Medium
38.58,7.56,90.69,5,High
38.98,7.83,89.01,5,High
37.83,6.48,60.67,1,Low
36.39,5.69,58.1,0,Low
36.34,4.66,54.71,0,Medium
36.65,5.38,37.84,0,Low
36.6,4.4,42.24,0,Low
38.64,8.77,85.0,5,High
36.93,4.39,54.87,0,Low
38.38,8.16,85.61,5,High
38.84,6.5,75.34,3,Medium
37.91,6.67,61.43,1,Low
37.76,6.08,80.14,2,Medium
38.76,9.0,75.31,5,High
36.16,5.15,37.94,0,Low
37.26,6.3,42.35,0,Low
37.93,8.18,48.87,3,Medium
37.54,4.92,66.39,2,Medium
37.57,7.43,81.99,2,Medium
38.97,7.17,84.27,3,Medium
37.93,7.09,71.33,2,Medium
36.38,6.12,46.6,0,Low
35.99,5.13,40.28,0,Low
39.63,8.43,99.76,6,High
36.19,5.01,44.54,0,Low
37.42,7.76,66.37,2,Medium
37.91,7.32,75.58,2,Medium
39.12,9.36,92.01,6,High
39.32,8.38,91.49,6,High
38.28,5.72,72.47,2,Medium
36.4,5.91,36.2,0,Low
38.3,5.66,50.72,1,Low
37.98,7.18,65.58,2,Medium
36.01,4.81,29.73,0,Low
37.67,6.95,71.55,2,Medium
36.85,4.76,47.21,0,Low
36.69,7.32,71.5,1,Low
38.13,8.01,81.27,4,High
38.06,7.64,94.27,4,High
36.14,5.63,56.37,0,Low
39.41,8.06,88.36,6,High
36.68,4.63,39.8,0,Low
38.49,7.12,87.94,3,Medium
35.68,5.5,35.74,0,Low
35.72,4.37,26.97,0,Low
36.4,5.06,59.88,0,Low
35.79,5.43,46.34,0,Low
39.38,8.19,91.64,6,High
36.51,5.83,36.55,0,Low
37.87,5.9,52.77,1,Low
39.77,8.18,91.43,6,High
39.16,8.26,84.68,5,High
39.0,7.56,92.65,5,High
36.49,4.39,42.87,0,Low
38.16,8.55,84.58,4,High
37.62,6.35,85.23,3,Medium
36.84,6.21,53.23,0,Low
37.26,6.2,71.58,1,Low
38.14,7.68,83.51,3,Medium
38.89,6.05,60.23,2,Medium
36.92,4.97,34.25,0,Low
38.43,8.38,100.0,5,High
38.84,7.8,79.25,4,High
39.31,7.92,99.71,5,High
39.36,8.38,88.58,6,High
38.81,8.71,85.93,6,High
37.36,7.42,73.13,1,Low
36.49,5.65,29.89,0,Low
37.87,8.51,63.27,3,Medium
36.73,4.59,46.93,0,Low
37.72,5.47,69.76,2,Medium
37.93,7.67,75.8,3,Medium
38.52,7.91,78.24,4,High
36.67,6.2,51.34,0,Low
35.88,4.86,54.74,0,Low
39.23,8.09,95.74,6,High
37.4,4.22,54.52,0,Low
37.84,6.61,72.56,2,Medium
39.54,9.04,92.65,6,High
37.95,7.66,74.29,3,Medium
37.99,7.2,69.68,2,Medium
39.42,8.19,66.45,5,High
37.75,6.14,58.76,1,Low
38.56,7.76,84.54,4,High
38.92,7.46,81.23,3,Medium
36.65,5.3,37.09,0,Low
38.33,7.67,70.67,3,Medium
36.45,3.99,45.9,1,Low
38.74,8.35,93.34,6,High
37.3,6.6,74.1,1,Low
37.76,7.24,78.78,2,Medium
38.47,7.76,83.8,3,Medium
39.08,6.31,91.24,4,High
37.27,4.78,55.13,0,Low
36.06,4.89,19.3,0,Low
38.39,6.66,61.84,1,Low
38.06,6.2,27.73,1,Low
39.38,8.0,91.43,5,High
35.93,4.28,47.07,0,Low
38.47,7.72,89.28,4,High
37.86,8.1,63.04,3,Medium
37.72,7.27,62.18,1,Low
35.75,6.2,46.08,0,Low
38.57,7.49,62.7,2,Medium
40.02,7.67,100.0,5,High
36.38,4.37,42.32,0,Low
36.39,4.82,32.11,0,Low
37.79,6.29,66.75,2,Medium
36.64,4.51,46.51,0,Low
36.03,4.8,51.95,0,Low
37.79,7.34,60.2,1,Low
37.77,8.0,71.63,3,Medium
38.67,6.57,92.35,4,High
38.29,8.1,88.01,5,High
40.46,8.39,93.71,6,High
36.31,5.72,24.89,0,Low
37.26,6.6,83.51,1,Low
36.81,5.02,60.56,0,Low
36.97,4.86,56.1,0,Low
36.61,4.93,32.97,0,Low
37.61,6.9,62.43,1,Low
37.77,7.98,98.19,4,High
38.85,8.35,83.37,5,High
38.93,6.93,95.91,4,High
38.15,7.77,88.24,4,High
36.46,4.4,34.22,0,Low
39.5,7.91,74.99,4,High
39.93,8.61,90.52,6,High
37.58,4.97,44.79,1,Low
37.76,5.61,55.1,1,Low
39.55,7.26,100.0,4,High
38.77,6.51,54.34,2,Medium
39.74,7.66,87.35,5,High
38.83,8.26,87.19,6,High
37.61,7.36,67.91,2,Medium
36.13,4.57,61.91,0,Low
38.26,6.84,72.45,2,Medium
36.42,5.0,38.75,0,Low
38.13,8.54,72.78,4,High
38.48,6.64,90.12,3,Medium
37.65,7.38,64.06,1,Low
36.94,5.78,55.74,0,Low
37.84,4.74,25.71,1,Low
39.78,8.15,91.27,6,High
36.37,4.45,50.65,0,Low
36.82,5.24,39.89,0,Low
37.97,9.5,100.0,5,High
36.26,5.01,35.22,0,Low
37.61,7.86,78.41,3,Medium
36.44,5.52,38.15,0,Low
36.8,5.27,48.05,0,Low
37.62,5.89,54.39,1,Low
38.31,5.7,72.73,2,Medium
35.68,4.81,64.75,0,Low
35.66,5.46,36.03,0,Low
36.25,4.96,38.55,0,Low
37.62,6.62,58.24,1,Low
39.01,7.23,97.94,4,High
36.68,5.54,48.94,0,Low
36.45,5.72,46.48,0,Low
38.52,7.38,65.57,3,Medium
37.88,6.19,59.48,1,Low
35.83,6.39,37.12,0,Low
36.8,4.97,26.99,0,Low
38.85,8.05,72.74,5,High
37.42,6.12,82.78,1,Low
38.0,6.56,85.49,3,Medium
36.63,5.32,34.65,0,Low
38.47,9.05,100.0,5,Low
37.77,6.32,70.02,2,Medium
37.85,7.13,65.95,2,Medium
36.51,4.78,39.7,0,Low
37.84,9.14,91.08,5,High
39.34,7.78,82.69,4,High
36.48,5.49,37.99,0,Low
37.48,7.97,99.34,3,Medium
38.4,7.81,65.78,3,Medium
37.13,4.59,39.43,0,Low
37.92,8.91,94.94,5,High
36.28,4.98,30.65,0,Low
36.52,5.4,52.1,0,Low
35.82,5.04,41.78,0,Low
37.79,6.27,39.82,1,Low
38.06,5.61,74.73,2,Medium
37.69,6.19,75.37,2,Medium
36.05,5.79,42.85,0,Low
36.95,4.53,39.38,0,Low
37.98,8.33,83.95,4,High
39.23,8.45,77.14,5,High
39.48,7.49,89.71,4,High
35.83,5.83,49.43,0,Low
38.35,7.55,91.6,4,High
39.83,8.09,90.47,6,High
37.72,6.94,66.27,2,Medium
36.76,6.06,46.74,0,Low
39.27,8.85,85.12,6,High
37.8,7.24,77.92,2,Medium
36.32,5.62,57.19,0,Low
36.67,5.5,34.27,0,High
38.05,5.74,74.75,2,Medium
36.39,5.03,36.23,0,Low
36.63,4.43,51.82,0,Low
39.04,6.71,58.29,2,Medium
39.59,7.95,79.09,4,High
36.39,5.46,56.23,0,Low
39.1,5.42,61.82,2,Medium
40.26,9.28,100.0,6,High
38.49,7.7,83.73,3,Medium
38.75,8.13,96.2,6,High
36.63,4.23,41.47,0,Low
38.52,8.34,91.77,6,High
39.12,7.68,95.45,5,High
36.36,4.44,42.1,0,Low
37.87,5.88,79.19,2,Low
37.6,7.82,64.09,2,Medium
37.38,6.57,84.0,1,Low
37.74,4.81,48.08,1,Low
37.99,7.22,83.64,2,Medium
37.93,8.56,94.21,5,High
38.42,7.09,83.59,2,Medium
38.62,7.51,85.45,5,High
37.99,5.09,67.8,2,Medium
39.23,9.18,91.49,6,High
36.99,7.35,61.31,0,Low
38.6,5.56,75.54,3,Medium
37.11,3.53,34.76,1,Low
38.16,7.13,43.02,1,Low
37.0,5.1,46.76,0,Low
36.07,4.99,45.63,0,Low
36.95,5.06,58.14,0,Low
38.03,8.49,91.01,5,High
35.97,6.25,53.53,0,Low
39.49,8.03,82.52,5,High
38.24,9.5,85.09,5,High
36.51,6.11,36.18,0,Low
38.3,7.33,81.01,2,Medium
37.94,7.8,62.95,2,Medium
37.79,6.96,70.85,2,Medium
38.74,8.29,89.18,6,High
38.4,7.03,62.37,1,Low
38.89,5.99,71.14,3,Medium
37.74,6.0,62.15,1,Low
38.47,9.0,89.93,5,High
37.95,7.33,66.55,2,Medium
37.26,7.74,69.91,2,Medium
38.48,7.46,76.67,2,Medium
39.25,7.62,77.61,4,High
38.67,7.99,88.97,5,High
39.65,9.4,77.0,5,High
38.25,6.44,78.61,2,Medium
39.85,8.83,98.49,6,High
36.55,4.79,26.93,0,Low
36.97,4.76,60.66,0,Low
36.98,7.61,57.21,1,Low
39.02,8.43,96.79,6,High
38.17,6.17,72.94,2,Medium
38.68,5.68,66.54,3,Medium
37.53,6.81,64.71,1,Low
36.71,4.68,43.4,0,Low
38.35,5.89,63.19,1,Low
38.08,5.96,77.49,2,Medium
38.55,7.22,58.68,2,Medium
37.63,6.93,67.96,2,Medium
35.9,5.38,48.43,0,Low
39.06,7.83,91.47,5,High
37.77,8.83,81.75,4,High
36.34,3.0,57.82,1,Low
37.63,5.65,58.45,1,Low
37.86,7.35,70.86,2,Medium
36.78,5.58,19.92,0,Low
36.42,5.76,67.57,1,Medium
36.29,3.63,55.36,1,Low
39.38,6.21,91.05,4,High
38.28,8.34,96.17,5,High
39.4,8.69,94.77,6,High
37.31,6.74,71.76,1,Low
39.0,8.14,79.63,5,High
36.44,6.35,47.64,0,Low
38.83,7.08,95.38,4,High
37.73,5.96,70.73,2,Medium
39.46,9.15,100.0,6,High
38.18,7.12,95.06,3,Medium
37.66,6.63,73.83,2,Medium
35.97,5.0,59.38,0,Low
37.5,5.08,79.53,2,Medium
38.21,7.17,78.49,2,Medium
38.76,7.47,91.49,4,Medium
37.88,8.3,91.39,5,High
36.65,5.54,46.16,0,Low
36.81,6.13,84.75,1,Low
36.87,5.86,22.0,0,Low
39.54,7.8,100.0,5,High
37.58,8.43,84.24,4,High
36.87,4.58,63.03,0,Low
37.49,6.68,75.17,1,Low
38.7,8.22,81.47,5,High
39.04,7.01,82.06,3,Medium
37.09,5.38,53.52,0,Low
36.49,4.82,29.21,0,Low
39.13,8.17,96.58,6,High
38.75,7.09,83.95,3,Medium
37.51,5.96,70.7,2,Medium
38.61,8.2,79.5,5,High
37.04,5.56,61.32,0,Low
37.75,8.17,76.33,4,High
36.83,4.59,55.78,0,Low
37.86,8.36,91.69,5,High
39.25,9.1,93.31,6,High
39.59,9.5,97.32,6,High
38.12,7.0,70.19,2,Medium
36.23,5.81,43.49,0,Low
36.51,4.62,51.93,0,High
37.39,7.98,80.9,2,Medium
39.04,8.18,95.63,6,High
36.67,4.88,27.47,0,Low
38.64,8.05,92.91,6,High
36.18,4.76,35.82,0,Low
37.6,6.64,75.86,2,Medium
36.07,5.91,56.33,0,Low
38.51,7.06,68.44,3,Medium
37.89,7.24,71.87,2,Medium
35.59,5.37,40.52,0,Low
38.14,6.52,80.23,2,Medium
39.0,8.12,100.0,6,High
38.71,7.46,95.81,4,High
36.36,4.64,45.75,0,Low
37.55,8.47,73.09,4,High
39.84,8.1,100.0,6,High
39.86,7.93,71.08,4,High
38.75,7.23,64.85,2,Medium
39.48,8.15,100.0,6,High
38.4,7.41,63.0,1,Low
37.11,5.1,49.06,0,Low
36.93,5.2,44.23,0,Low
38.65,7.84,88.06,5,High
37.69,5.64,33.38,1,Low
37.68,6.82,78.97,2,Medium
38.76,7.86,91.64,5,High
36.56,4.91,57.78,0,Low
37.92,6.92,88.36,3,Medium
36.34,3.66,27.79,1,Low
37.85,6.36,73.51,2,Medium
36.14,5.43,61.43,0,Low
39.05,7.06,78.2,3,Medium
36.62,4.59,58.62,0,Low
38.41,8.22,90.3,5,High
40.09,8.04,90.91,6,High
39.16,8.94,100.0,6,High
39.56,8.53,97.8,6,High
36.51,5.66,56.46,0,Low
39.02,8.14,70.32,5,High
37.7,5.92,78.14,2,Medium
38.6,7.92,99.64,5,High
39.17,8.32,97.23,6,High
37.88,5.44,67.68,2,Medium
38.04,6.21,81.41,2,Medium
36.14,4.68,68.14,1,Low
37.12,4.27,36.73,0,Low
37.99,6.66,65.11,2,Medium
38.42,8.09,98.91,5,High
38.07,7.9,68.17,3,Medium
38.36,6.01,69.77,2,Medium
35.66,4.89,29.84,0,Low
38.83,6.87,80.19,3,Medium
37.71,5.26,86.26,3,Medium
39.73,8.52,82.19,5,Medium
40.18,9.12,85.9,6,High
37.95,6.67,82.0,2,Medium
37.88,8.48,88.57,5,High
38.02,7.76,79.78,3,Medium
38.86,7.93,76.55,4,High
38.82,5.43,69.76,3,Medium
36.74,4.33,27.9,0,Low
38.57,6.01,65.0,3,Medium
36.23,5.24,57.77,0,Low
35.93,4.5,48.63,0,Low
38.44,7.9,93.36,4,High
39.31,7.69,85.74,5,High
37.23,4.83,44.73,0,Low
40.02,8.29,98.62,6,High
36.64,3.95,19.19,1,Low
36.64,5.14,30.01,0,Low
39.54,9.24,85.03,6,High
36.7,4.92,67.22,1,Low
39.64,8.43,89.86,6,High
39.07,8.14,100.0,6,High
37.2,3.0,50.28,1,Medium
36.9,5.18,53.13,0,Low
39.8,8.67,94.34,6,High
38.48,7.62,68.87,3,Medium
37.99,8.33,80.98,4,High
39.07,5.12,76.37,3,Medium
38.84,7.0,62.06,2,Medium
38.47,8.02,87.37,5,High
38.04,7.11,60.04,1,Low
36.76,5.37,53.76,0,Low
38.69,7.6,96.8,5,High
37.85,6.88,89.94,3,Medium
36.56,5.49,41.76,0,Low
37.63,6.64,78.44,2,Medium
38.73,8.54,88.41,6,High
37.44,5.89,73.05,1,Low
36.17,5.94,68.1,1,Low
37.34,3.33,57.91,1,Low
38.39,6.03,69.32,2,Medium
37.79,8.26,68.92,4,High
38.67,9.1,76.99,5,High
37.63,8.03,71.85,4,High
38.11,7.59,97.47,4,High
36.45,4.62,53.6,0,Low
37.5,5.9,74.58,2,Medium
36.46,5.28,46.23,0,Low
37.23,7.29,80.27,1,Low
36.9,4.92,55.7,0,Low
37.33,7.46,53.66,0,Low
37.71,6.44,71.72,2,Medium
36.86,5.04,37.59,0,Low
36.7,5.44,62.0,0,Low
38.19,6.56,55.7,1,Medium
39.56,8.41,62.44,4,High
37.07,4.79,56.86,0,Low
37.56,7.82,57.33,2,Medium
36.52,4.42,48.65,0,Low
39.65,8.63,76.43,5,High
37.98,6.77,65.02,2,Medium
39.77,9.34,90.85,6,High
37.09,5.04,76.09,1,Low
36.3,4.34,63.75,0,Low
37.63,6.11,83.85,2,Medium
38.61,6.75,75.12,3,Medium
38.53,8.11,80.53,5,High
39.36,8.79,95.33,6,High
39.83,8.74,100.0,6,High
37.84,7.11,77.75,2,Medium
37.34,5.76,68.92,1,Low
37.18,6.92,69.04,1,Low
37.61,5.32,36.64,1,Low
37.9,6.61,61.38,1,Low
37.81,7.44,75.11,2,Medium
36.94,5.3,41.33,0,Low
36.32,4.51,14.27,0,Low
38.7,7.09,66.23,3,Medium
36.92,7.03,82.77,1,Low
37.84,7.95,100.0,4,High
37.19,8.69,57.46,2,High
38.28,7.93,95.09,4,High
37.71,5.99,74.79,2,Medium
36.72,5.19,43.65,0,Low
36.51,5.75,71.74,1,Low
39.05,7.81,96.12,5,High
37.69,7.52,70.19,3,Medium
36.78,5.17,56.53,0,Low
37.85,6.42,70.02,2,Medium
39.19,8.38,89.27,6,High
37.56,8.78,77.63,4,High
36.69,5.54,40.81,0,Low
36.08,5.38,23.94,0,Low
39.22,8.07,84.43,5,High
38.02,8.49,83.55,4,High
39.11,8.05,84.36,5,High
39.12,8.25,85.86,6,High
36.61,5.34,46.17,0,Low
36.95,4.92,53.86,0,Low
36.62,5.91,34.22,0,High
37.19,5.22,40.57,0,Low
37.54,9.45,92.47,5,High
39.11,7.63,87.35,5,High
35.89,3.53,25.83,1,Low
38.74,8.81,82.1,5,High
38.38,6.81,67.01,2,Medium
36.39,5.84,67.52,1,Low
37.61,7.94,90.03,4,High
37.86,7.15,100.0,3,Medium
37.16,5.92,73.9,1,Low
39.04,7.61,76.05,4,High
38.1,6.53,64.79,1,Low
39.25,8.89,85.33,6,High
38.1,6.36,69.04,2,Medium
39.14,7.41,94.58,4,Medium
36.82,4.74,36.96,0,Low
36.89,4.64,37.88,0,Low
38.57,9.12,92.53,6,High
36.13,5.52,37.66,0,Low
36.99,5.27,14.96,0,Low
38.98,8.0,91.28,5,High
35.18,4.32,48.39,0,Low
37.48,5.26,67.57,1,Low
36.49,4.92,55.07,0,Low
36.49,5.65,50.66,0,Low
38.82,7.99,97.34,5,High
36.37,5.86,32.43,0,Low
36.84,4.32,51.11,0,Low
38.92,7.91,88.94,5,High
39.21,7.52,81.46,4,High
36.77,4.53,64.1,0,Low
38.52,7.77,88.18,5,High
38.53,7.59,70.35,4,High
39.39,8.23,93.22,6,High
36.84,4.45,36.87,0,Low
38.48,7.32,95.41,3,Low
37.23,6.61,68.16,1,Low
38.25,7.39,94.16,3,Medium
37.78,6.54,68.77,2,Medium
39.86,7.24,97.01,4,High
38.6,5.17,94.36,4,High
37.25,5.76,39.76,0,Low
38.4,8.67,86.61,5,High
39.22,7.66,87.37,5,High
36.28,4.66,63.42,0,Low
37.72,6.66,74.54,2,Medium
38.11,7.0,52.11,1,Low
38.63,6.16,58.78,2,Medium
38.04,9.02,86.25,5,High
38.41,8.13,100.0,5,High
36.74,5.76,38.33,0,Low
38.02,8.55,93.11,5,High
37.76,5.66,46.47,1,Low
39.22,8.28,92.23,6,High
38.42,9.25,95.27,5,High
37.29,6.39,66.85,1,Low
37.81,5.85,69.41,2,Medium
37.26,7.12,82.09,1,Low
38.42,7.88,76.73,3,Medium
38.06,6.08,89.4,3,Medium
35.7,3.76,33.19,1,Low
38.35,8.1,70.1,4,High
35.98,5.24,42.65,0,Medium
37.84,7.86,54.12,2,Medium
36.41,5.5,55.4,0,Low
37.01,5.61,36.44,0,Low
38.93,8.13,100.0,6,High
36.56,5.42,20.44,0,Low
38.04,7.69,72.0,3,Medium
39.42,7.91,88.88,5,High
38.63,9.12,81.13,5,High
38.27,6.55,64.61,1,Medium
37.01,4.65,32.17,0,Low
39.14,8.8,96.07,6,High
39.57,7.77,93.76,5,High
37.67,5.67,67.14,2,Medium
36.57,4.23,26.72,0,Low
36.76,4.42,50.54,0,Low
36.91,3.05,76.83,2,Medium
36.5,4.21,36.12,0,Low
37.66,8.15,99.18,5,High
35.9,4.9,40.94,0,Low
36.01,5.36,52.14,0,Low
38.34,8.28,82.28,4,High
39.78,8.16,80.29,5,High
36.51,4.89,50.7,0,Low
37.92,6.75,90.64,3,Medium
38.32,6.9,59.94,1,Low
37.97,6.34,67.57,2,Medium
39.53,8.61,91.45,6,High
38.32,8.17,84.55,4,High
38.05,7.75,82.86,3,Medium
37.01,4.91,61.91,0,Low
36.53,4.96,58.11,0,Low
37.97,5.48,61.0,1,Low
35.56,5.94,51.0,0,Low
37.48,8.32,84.11,3,Medium
36.67,4.55,46.62,0,Low
38.85,9.29,89.24,6,High
35.92,5.09,35.87,0,Low
35.79,5.48,32.28,0,Low
36.43,6.2,47.06,0,Low
36.88,6.0,42.49,0,Low
38.51,7.52,75.31,4,High
37.82,7.71,83.46,3,Medium
38.45,7.66,96.64,4,High
37.01,5.38,38.46,0,Low
37.17,8.13,73.19,3,Medium
38.7,7.58,65.72,4,High
37.12,8.73,60.77,2,Medium
39.06,7.22,82.15,3,Medium
36.83,4.73,45.22,0,Low
37.87,6.19,64.2,1,Low
38.46,8.83,96.16,5,High
38.18,8.11,100.0,5,High
37.82,6.87,68.91,2,Medium
38.48,7.16,78.46,2,Medium
39.44,9.15,100.0,6,High
38.51,6.26,78.47,3,Medium
40.05,7.62,94.46,5,High
36.86,4.85,50.75,0,Low
38.3,6.96,71.52,2,Medium
36.41,5.24,46.2,0,Low
37.71,5.04,38.19,1,Low
37.75,5.52,62.59,1,Low
35.7,4.75,44.16,0,Low
38.21,7.27,61.07,1,Low
38.6,7.12,74.23,3,Medium
38.43,8.22,73.23,4,Low
38.65,7.98,95.18,5,High
39.5,8.42,83.09,5,High
37.62,6.65,87.95,3,Medium
37.02,5.08,28.66,0,Low
38.43,9.18,77.15,4,High
36.16,4.99,52.99,0,Low
37.87,7.41,63.38,1,Low
38.4,7.07,64.71,1,Low
37.11,4.24,33.67,0,Low
37.68,5.64,83.51,2,Medium
36.5,4.57,41.43,0,Low
36.96,5.08,56.8,0,Low
38.97,5.28,54.15,2,Medium
36.84,5.24,50.18,0,Low
39.08,7.62,96.55,5,High
37.31,6.23,48.97,0,Low
38.79,5.99,73.38,3,Medium
38.64,8.66,91.96,6,High
36.19,4.88,35.77,0,Low
38.83,9.31,87.92,6,High
39.74,8.47,88.95,6,High
38.33,9.36,90.41,5,High
36.76,5.84,46.88,0,Low
38.31,7.65,100.0,4,Medium
37.89,8.43,91.13,5,High
38.29,7.56,98.69,4,High
36.84,5.17,48.93,0,Low
38.78,8.9,100.0,6,High
36.5,5.59,67.58,1,Low
37.5,7.82,70.59,3,Medium
38.29,5.79,75.5,2,Medium
37.89,6.6,54.28,1,Low
38.0,6.06,66.74,2,Medium
36.32,5.0,24.0,0,Low
37.91,5.92,45.4,1,Low
39.23,8.33,96.91,6,High
38.0,6.6,65.83,2,Medium
37.3,4.93,62.72,0,Low
39.13,9.5,100.0,6,High
36.2,6.53,44.01,0,Low
36.82,7.06,59.17,0,Low
37.32,8.24,75.52,3,Medium
37.39,8.04,51.97,2,Medium
38.52,7.93,85.87,5,High
37.27,6.45,71.16,1,Low
39.08,8.9,78.17,5,High
36.96,5.24,34.67,0,Low
38.58,7.73,93.9,5,High
37.64,6.35,59.3,1,Low
36.63,4.72,58.2,0,Low
37.08,5.36,37.65,0,Low
38.34,7.8,84.01,3,Medium
38.39,8.57,62.36,3,Medium
38.7,6.61,74.74,3,Medium
36.57,4.9,37.47,0,Low
37.94,6.23,59.25,1,Low
38.03,8.68,93.87,5,High
36.57,4.17,54.0,0,Low
38.03,7.2,63.58,1,Low
38.38,7.35,64.65,1,Low
39.65,8.88,85.48,6,High
35.94,4.78,62.55,0,Low
37.6,6.31,64.68,1,Low
38.13,8.85,88.84,5,High
36.01,6.11,61.7,0,Low
38.66,7.65,82.72,4,High
38.91,7.24,100.0,4,High
38.94,7.82,87.86,5,High
37.9,6.79,78.05,2,Medium
39.32,8.19,91.85,6,High
39.5,8.39,88.74,6,High
38.83,8.22,89.55,6,Low
38.31,8.23,63.96,3,Medium
36.95,7.46,55.43,0,Low
38.07,6.3,62.42,1,Low
36.96,4.35,44.35,0,Low
39.39,8.71,75.32,5,High
38.53,8.34,82.49,5,High
39.18,6.9,65.4,3,High
35.87,6.01,48.75,0,Low
37.39,6.81,79.32,1,Low
38.46,6.73,60.7,1,Low
38.77,5.69,62.68,2,Medium
39.03,7.73,97.72,5,High
39.1,7.83,86.33,5,High
38.11,9.0,100.0,5,High
39.11,8.91,100.0,6,High
37.86,8.01,94.01,5,High
38.79,8.1,61.84,4,High
37.53,6.64,67.75,2,Medium
37.46,4.71,53.95,0,Low
37.57,6.95,59.2,1,Low
38.34,7.53,85.56,4,High
38.24,6.01,66.42,2,Medium
38.3,6.68,80.51,2,Medium
36.58,4.6,30.29,0,Low
38.39,8.12,79.5,4,High
37.51,6.44,65.94,2,Medium
37.08,6.3,75.02,1,Low
37.72,7.03,62.18,1,Low
35.84,5.62,49.39,0,Medium
38.46,6.54,63.82,1,Low
40.0,7.78,89.09,5,High
37.86,7.28,77.8,2,Medium
36.81,5.0,30.4,0,Low
37.57,7.54,79.61,3,Medium
36.82,5.29,48.33,0,Low
38.14,5.68,62.1,1,Low
38.45,8.12,48.31,3,Medium
36.64,5.71,51.08,0,Low
39.03,7.38,89.15,4,High
36.49,5.46,44.21,0,Low
38.25,7.96,91.64,4,High
38.43,7.0,85.06,3,Medium
36.01,5.49,79.19,1,Low
37.97,7.49,56.3,1,Low
36.61,5.28,58.13,0,Low
36.7,5.11,43.42,0,Low
38.39,8.37,91.56,5,High
39.3,8.82,95.42,6,High
36.65,4.36,46.16,0,Low
37.24,5.55,58.84,0,Low
36.46,4.7,65.9,1,Low
37.22,7.61,71.44,2,Medium
36.72,4.99,63.31,0,Low
36.31,4.38,18.66,0,Low
37.62,7.52,73.89,3,Medium
36.37,4.47,46.08,0,Low
38.87,7.78,80.41,4,High
38.57,8.16,88.09,6,High
39.08,8.53,100.0,6,High
37.4,4.43,25.79,0,Low
39.41,8.62,99.69,6,High
39.65,8.4,77.65,5,High
36.68,5.27,56.99,0,Low
38.02,8.11,77.06,4,High
38.6,5.81,63.29,2,Medium
38.63,8.45,86.46,6,High
38.43,7.68,58.82,2,Medium
39.78,9.13,88.74,6,High
36.11,4.23,45.14,0,Low
38.55,6.41,69.61,3,Medium
36.28,5.52,49.35,0,Low
36.78,5.43,52.27,0,Low
37.05,5.18,39.78,0,Low
38.07,7.67,59.54,2,Medium
36.61,4.65,38.56,0,Low
37.86,8.61,100.0,5,High
37.42,7.4,69.54,1,Low
38.84,7.85,88.19,5,High
38.21,8.77,99.54,5,High
36.82,3.42,37.38,1,Low
37.41,5.95,42.16,0,Low
37.88,6.81,85.66,3,Medium
37.91,6.86,74.0,2,Medium
36.24,4.26,61.45,0,Low
39.88,7.05,85.32,4,High
37.9,5.75,74.26,2,Medium
38.77,7.83,89.72,5,High
37.82,4.83,40.51,1,Medium
37.92,8.42,88.09,5,High
36.19,5.22,34.63,0,Low
38.76,6.94,55.46,2,Medium
37.76,6.52,71.52,2,Medium
39.94,8.2,80.78,5,High
37.23,5.16,42.04,0,Low
36.49,3.56,51.76,1,Low
38.62,6.22,72.26,3,Medium
37.94,6.89,70.37,2,Medium
36.97,5.85,35.92,0,Low
36.39,4.6,25.61,0,Medium
36.52,4.99,50.02,0,Low
37.69,5.86,69.1,2,Medium
37.32,7.32,81.58,1,Low
38.11,7.28,67.33,2,Medium
38.55,8.0,87.58,6,High
36.43,5.83,30.43,0,Low
39.62,8.08,86.89,6,High
39.03,7.89,94.05,5,High
36.45,3.45,59.07,1,Low
36.94,5.33,51.6,0,Low
36.79,4.33,30.95,0,Low
36.26,6.0,49.5,0,Low
37.76,6.91,69.32,2,Medium
36.63,4.03,19.19,0,Low
36.88,4.75,59.84,0,Low
38.58,7.72,80.51,4,High
38.91,8.93,92.18,6,High
35.91,6.34,35.5,0,Low
38.69,6.73,81.32,3,Medium
37.71,5.66,70.25,2,Medium
39.42,7.67,92.17,5,High
37.9,5.35,43.25,1,Low
37.62,6.19,62.12,1,Low
38.57,6.92,80.67,3,Medium
36.47,4.91,59.04,0,Low
39.28,7.8,94.61,5,High
37.78,7.46,77.48,2,Medium
37.66,8.08,75.89,4,High
37.57,7.62,71.15,3,Medium
37.96,7.07,69.43,2,Medium
37.23,5.37,61.5,0,High
39.31,8.8,98.15,6,High
38.22,8.37,64.6,3,Medium
38.77,7.98,74.09,4,High
37.39,6.94,55.78,0,Low
37.51,5.89,71.94,2,Medium
37.61,6.94,78.0,2,Medium
38.31,8.21,94.31,5,High
38.26,8.01,99.41,5,High
38.3,7.76,93.05,4,High
37.52,7.0,85.49,3,Medium
39.8,7.86,92.77,5,High
38.06,6.56,77.18,2,Medium
38.16,6.64,78.61,2,Medium
38.29,7.35,89.55,3,Medium
36.25,4.22,62.76,0,Low
38.13,8.35,100.0,5,High
36.58,5.9,55.54,0,Low
37.61,7.16,56.39,1,Low
38.62,7.84,74.37,4,High
37.3,6.26,68.28,1,Low
37.78,8.21,74.01,4,High
37.39,5.49,57.72,0,Low
37.94,7.11,60.35,1,Low
38.63,8.37,77.7,5,High
38.27,7.88,49.93,2,Medium
38.57,7.88,87.16,5,High
37.34,6.57,75.25,1,High
37.74,7.35,80.56,2,Medium
39.16,8.76,96.97,6,High
39.63,8.15,82.71,5,High
36.43,5.36,36.6,0,Low
38.07,7.22,88.92,3,Medium
35.97,4.55,35.86,0,Medium
36.29,4.62,44.94,0,Low
39.78,8.29,91.8,6,High
36.84,5.27,60.91,0,Low
38.76,8.4,89.79,6,High
38.12,8.68,83.94,4,High
39.41,8.48,89.07,6,High
38.83,8.93,77.08,5,High
38.52,8.18,86.03,6,High
37.14,5.2,51.73,0,Low
38.91,7.42,81.78,3,Medium
36.53,5.16,27.61,0,Low
36.16,4.25,37.5,0,Low
36.9,4.88,54.78,0,Low
37.7,8.3,53.77,3,Medium
39.89,8.66,87.36,6,High
36.44,4.51,40.34,0,Low
38.33,8.87,83.81,4,High
37.18,6.82,58.44,0,Low
37.85,7.65,74.4,3,Medium
38.82,8.0,96.33,5,High
38.32,7.79,61.59,2,Medium
37.63,5.63,65.31,2,Medium
38.27,9.0,86.53,5,High
37.56,6.68,60.9,1,Low
38.57,7.18,80.29,3,Medium
36.93,4.32,28.95,0,Low
36.71,5.04,53.61,0,Low
37.33,4.17,63.02,0,Low
36.42,3.83,28.4,1,Low
37.61,5.01,37.59,1,Low
38.11,8.72,89.26,5,High
36.91,5.58,42.09,0,Low
37.46,5.7,79.1,1,Low
39.47,8.28,87.66,6,High
39.08,8.07,97.22,6,High
38.21,8.11,72.73,4,High
36.89,6.33,49.46,0,Low
38.88,7.74,80.33,4,High
36.1,5.52,49.99,0,Low
38.59,7.73,93.03,5,High
38.16,9.36,83.67,4,High
36.48,5.88,19.0,0,Low
38.35,8.36,84.59,4,High
36.66,4.5,41.39,0,Low
36.82,5.0,28.47,0,Low
39.26,7.8,95.38,5,High
39.16,8.07,99.55,6,High
36.26,5.86,66.96,1,Low
38.93,8.47,96.54,6,High
39.09,8.76,93.68,6,High
38.35,8.0,85.82,5,High
35.77,4.7,41.83,0,Low
36.88,5.13,41.92,0,Low
39.43,8.14,86.53,6,High
38.46,7.88,85.5,4,High
39.29,8.44,100.0,6,High
38.88,7.25,75.43,3,Medium
37.01,4.54,27.35,0,Low
38.15,8.46,82.96,4,High
37.23,5.37,59.96,0,Low
39.02,7.4,60.99,2,Medium
38.81,8.05,76.74,5,High
37.21,4.78,66.56,1,Low
36.17,3.0,34.79,1,Low
36.28,5.27,61.71,0,Low
38.41,7.69,59.81,2,Medium
39.5,7.94,83.67,4,High
37.16,5.93,63.33,0,Medium
39.03,8.82,82.63,5,High
36.86,4.44,37.76,0,Low
39.07,9.12,81.77,5,High
38.86,7.14,82.84,3,Medium
37.74,7.14,88.49,3,Medium
38.61,7.66,79.86,4,High
37.9,5.35,70.18,2,Medium
37.91,7.82,74.63,3,Medium
38.58,8.24,94.51,6,High
38.84,8.33,79.47,5,High
39.32,8.71,90.75,6,High
36.85,4.84,30.36,0,Low
39.36,9.28,100.0,6,High
35.96,3.0,56.02,1,Low
37.95,5.82,69.11,2,Medium
38.29,7.02,76.64,2,Medium
38.49,7.31,58.13,1,Low
39.64,8.48,92.25,6,High
37.92,8.94,86.19,5,High
36.66,4.13,39.04,0,Low
36.49,4.56,37.46,0,Low
37.48,3.5,78.61,2,Medium
39.25,7.94,89.97,5,High
37.38,6.16,81.85,1,Low
39.16,7.98,82.31,4,High
38.33,7.52,88.5,4,High
38.9,8.29,91.88,6,High
36.25,5.45,43.66,0,Low
37.34,4.92,58.1,0,Low
38.54,7.35,69.99,3,Medium
37.78,5.07,77.19,2,Medium
39.4,8.13,95.32,6,High
36.02,3.27,43.39,1,Low
37.45,7.07,65.74,1,Low
37.87,4.97,32.0,1,Low
36.51,4.88,60.63,0,Low
37.53,4.7,50.12,1,Low
37.2,5.92,41.74,0,Low
36.66,6.64,80.91,1,Low
37.86,8.16,66.16,4,High
37.67,5.9,76.22,2,High
37.69,6.75,48.22,1,Low
38.96,7.54,89.16,5,High
39.96,7.56,92.65,5,High
37.62,7.02,67.89,2,Medium
38.07,6.41,78.84,2,Medium
38.84,8.42,91.82,6,High
39.09,8.48,87.4,6,High
35.89,3.83,66.15,2,Medium
39.62,7.71,99.49,5,High
36.48,6.02,53.56,0,Low
36.93,5.74,83.89,1,Low
37.86,7.03,56.97,1,Low
37.69,7.03,64.22,1,Low
36.39,5.45,49.73,0,Low
39.44,8.08,90.45,6,High
37.08,5.2,38.32,0,Low
37.15,4.48,45.86,0,Low
39.38,9.17,85.7,6,High
38.92,8.42,100.0,6,Medium
36.61,4.37,55.66,0,Low
39.51,7.21,94.39,4,High
39.34,8.19,85.72,6,High
36.17,5.59,32.42,0,Low
38.07,8.09,69.91,4,High
38.04,5.14,58.01,1,Low
36.24,3.88,55.29,1,Low
36.67,4.51,45.95,0,Low
36.47,5.31,35.45,0,Low
37.17,5.86,60.93,0,Low
37.92,6.44,51.93,1,Low
37.82,6.71,84.12,2,Medium
36.26,5.57,39.28,0,Low
37.0,5.87,39.09,0,Low
35.66,5.91,44.7,0,Low
37.68,7.97,100.0,4,High
36.96,5.02,57.75,0,Low
38.34,8.23,100.0,5,High
37.84,8.6,81.59,4,High
39.09,8.64,96.1,6,High
38.1,6.67,65.0,2,Medium
35.82,3.74,59.96,1,Low
36.69,6.34,78.81,1,Low
37.22,5.73,28.72,0,Low
36.38,4.03,27.55,0,High
36.74,5.73,51.16,0,Low
36.47,5.42,43.22,0,Low
37.55,3.37,22.52,2,Medium
36.47,3.99,32.34,1,Low
39.44,8.93,100.0,6,High
38.05,5.53,56.33,1,Low
38.54,7.13,70.8,3,Medium
38.87,7.53,94.11,5,High
36.0,5.4,39.89,0,Low
37.84,7.51,72.2,3,Medium
39.09,8.41,94.09,6,High
37.59,7.33,52.75,1,Low
38.62,6.67,76.08,3,Medium
36.42,4.41,74.71,1,Low
36.64,5.09,25.93,0,Low
36.8,5.06,17.4,0,Low
37.11,5.41,59.62,0,Low
39.67,8.17,100.0,6,High
36.88,7.48,65.56,1,High
37.17,8.1,64.79,2,Medium
38.64,7.64,100.0,5,High
36.57,4.1,39.51,0,Low
35.95,4.62,39.95,0,Medium
37.75,6.25,97.46,3,High
38.79,7.99,87.79,5,High
38.36,7.12,80.77,2,Medium
39.03,8.43,98.87,6,High
37.85,4.64,40.79,1,Low
38.19,8.78,100.0,5,High
36.77,5.15,57.0,0,Low
37.36,4.83,51.35,0,Low
37.89,5.92,62.01,1,Low
37.23,4.85,48.13,0,Low
37.88,7.93,100.0,4,High
38.22,8.27,98.17,5,High
37.99,6.5,53.58,1,Low
36.53,4.98,40.82,0,Low
35.87,4.52,55.31,0,Low
37.87,5.97,66.26,2,Medium
38.15,6.42,43.89,1,Low
38.61,7.66,86.69,5,High
37.88,7.59,54.92,2,Medium
35.63,4.7,32.45,0,Low
36.8,5.71,39.85,0,Low
38.27,8.36,100.0,5,High
36.41,4.87,44.62,0,Low
39.64,8.36,90.88,6,High
36.85,4.71,34.87,0,Low
38.91,8.77,100.0,6,High
39.12,9.5,91.66,6,High
37.76,8.04,57.06,3,Medium
37.15,4.81,43.68,0,Low
38.47,7.32,78.89,2,Medium
36.73,4.52,31.09,0,Low
38.46,6.13,63.37,1,Low
38.93,7.98,92.7,5,High
39.03,8.17,96.9,6,High
37.75,4.98,47.84,1,Low
39.11,9.12,85.28,6,High
36.68,5.69,42.42,0,Low
39.34,8.41,83.44,5,High
38.27,6.74,65.32,2,Medium
36.93,3.88,49.51,1,Low
36.72,6.96,76.95,1,Low
37.0,4.77,32.52,0,Low
39.56,8.62,99.35,6,High
37.0,3.95,34.57,1,Low
36.93,6.18,42.12,0,Low
37.44,6.25,92.21,2,Medium
39.57,8.06,89.99,6,High
37.65,6.57,63.25,1,Low
37.49,6.44,70.49,1,Low
38.04,7.03,68.21,2,Medium
38.96,7.9,90.37,5,High
37.27,8.54,69.27,3,Medium
38.45,8.89,88.99,5,High
38.55,8.04,93.35,6,High
38.88,7.77,83.85,4,High
39.18,8.6,96.38,6,High
39.13,8.1,76.06,5,High
36.41,4.27,38.19,0,Low
38.22,7.77,100.0,4,High
38.79,7.5,83.99,4,High
36.11,5.4,61.21,0,Low
39.51,7.37,88.06,4,High
37.04,6.23,57.83,0,High
39.22,6.88,67.11,3,Medium
38.35,8.24,76.19,4,High
36.54,5.66,58.33,0,Low
38.94,6.92,72.4,3,Medium
38.53,8.83,91.36,6,Low
37.18,6.72,84.08,1,Low
38.82,9.14,79.93,5,High
37.53,5.4,41.53,1,Low
38.42,8.37,91.58,5,Medium
38.2,8.36,85.76,5,High
39.66,9.5,100.0,6,High
36.47,4.95,49.87,0,Low
39.69,6.98,87.63,4,High
37.48,6.61,75.94,1,Low
37.25,5.71,60.54,0,Low
37.17,6.02,82.33,1,Low
37.92,6.04,76.34,2,Medium
37.46,8.18,73.64,3,Medium
38.1,7.11,88.57,3,Medium
36.87,4.7,55.07,0,Low
38.97,9.5,69.97,5,High
36.74,4.84,42.55,0,Low
36.47,5.16,39.15,0,Low
37.77,7.26,63.31,1,Low
38.27,7.14,59.73,1,Low
38.74,6.19,76.41,3,Medium
39.51,7.79,82.29,4,High
36.32,5.28,45.83,0,Low
36.59,4.2,52.72,0,Low
37.89,7.02,87.52,3,Medium
38.33,8.55,80.94,4,High
37.6,6.24,67.5,2,Medium
38.45,7.54,73.36,3,Medium
36.72,7.09,47.21,0,Low
38.8,8.36,86.39,6,High
37.83,7.17,67.51,2,Medium
39.84,8.51,83.8,5,High
38.03,8.17,81.6,4,High
36.73,3.61,29.84,1,Low
36.57,4.65,41.75,0,Low
38.03,7.88,88.29,4,Low
36.81,5.48,37.4,0,Low
38.54,7.11,60.45,2,Medium
37.13,6.21,48.01,0,Low
37.3,6.77,66.65,1,Low
37.41,5.17,33.75,0,Low
38.72,7.21,74.48,3,Medium
39.06,7.61,93.1,5,High
38.68,7.81,63.94,3,Medium
38.36,8.07,90.01,5,High
36.75,5.23,50.95,0,Low
38.13,7.03,77.11,2,Medium
37.64,6.11,47.61,1,Low
39.63,7.78,94.27,5,High
40.24,7.33,90.55,4,High
36.58,4.7,58.65,0,Low
38.47,5.98,67.18,2,Medium
38.15,7.09,77.22,2,Medium
38.23,6.08,73.89,2,Medium
37.06,7.19,76.77,1,Low
36.96,5.07,50.16,0,Low
37.71,5.73,84.87,2,Medium
37.44,7.02,81.59,1,Low
38.34,6.32,93.16,3,Medium
39.27,8.77,98.91,6,High
39.64,9.25,100.0,6,High
36.58,4.1,74.79,1,Low
39.64,7.87,97.71,5,High
37.69,6.72,74.63,2,Medium
37.35,7.33,82.27,1,Low
39.32,7.92,79.83,4,High
39.34,8.19,77.04,5,High
36.92,5.25,21.64,0,Low
37.12,7.88,72.09,2,Medium
39.49,8.41,100.0,6,High
37.97,6.57,72.63,2,Medium
36.35,5.45,34.43,0,Low
38.0,7.1,68.9,2,Medium
39.08,8.36,82.89,5,High
36.47,5.46,50.0,0,Low
38.98,8.73,80.62,5,High
39.7,7.44,99.24,4,High
38.77,7.99,98.26,5,High
35.42,4.93,50.64,0,Low
36.16,4.81,56.72,0,Low
37.14,7.79,67.86,2,Medium
37.2,6.7,75.1,1,Medium
37.31,4.89,85.23,2,Medium
39.6,8.76,94.77,6,High
39.19,9.06,90.66,6,High
35.85,3.88,56.86,1,Low
40.13,9.0,100.0,6,High
36.14,3.84,62.94,1,Low
38.69,7.34,69.24,3,Medium
36.83,4.86,62.11,0,Low
37.98,6.32,83.06,2,Medium
39.17,8.64,83.37,5,High
37.89,6.36,79.63,2,Medium
39.42,7.01,92.29,4,High
36.33,5.27,44.05,0,Low
38.18,7.16,72.92,2,Low
38.02,6.66,81.11,2,Medium
39.13,7.36,97.55,4,High
38.27,9.19,95.58,5,High
38.13,6.73,67.2,2,Medium
37.17,4.95,69.87,1,Low
37.2,5.42,53.12,0,Low
36.48,5.48,44.66,0,Low
37.92,6.81,64.22,1,Low
35.83,5.21,42.82,0,Low
37.89,6.81,67.33,2,Medium
36.6,6.38,48.27,0,High
36.88,4.59,46.75,0,Low
36.76,5.25,49.82,0,Low
39.84,8.45,100.0,6,High
39.48,7.76,100.0,5,High
39.17,8.04,93.62,6,High
36.46,6.08,50.61,0,Low
38.45,6.09,77.43,2,Medium
39.27,9.31,83.37,5,High
38.53,6.29,62.54,2,Medium
36.76,4.01,51.62,0,Low
37.25,5.36,67.96,1,Low
36.45,4.44,47.87,0,Medium
39.61,7.64,100.0,5,High
36.5,6.26,35.6,0,Low
38.13,9.31,76.82,4,High
38.52,8.99,97.64,6,Medium
38.83,8.45,100.0,6,High
38.44,8.48,95.92,5,High
37.1,4.86,46.53,0,Low
39.07,9.17,92.96,6,High
36.86,5.71,54.29,0,Low
35.85,3.26,60.3,1,Low
36.59,5.49,68.13,1,Low
37.08,4.38,35.92,0,Low
36.92,5.78,59.28,0,Low
36.52,4.61,35.1,0,Low
36.11,6.23,29.37,0,Low
36.93,7.04,69.98,1,Low
36.13,5.0,38.47,0,Low
37.58,5.12,51.39,1,Low
38.43,8.19,100.0,5,High
36.78,4.42,11.94,0,Low
37.79,5.42,64.69,1,Low
35.42,4.22,49.76,0,Low
36.59,4.63,56.28,0,Low
38.05,6.96,66.31,2,Medium
38.64,9.32,98.9,6,High
38.43,7.34,98.77,3,Medium
37.97,6.5,55.36,1,Low
37.19,4.52,35.85,0,Low
38.51,9.27,89.13,6,High
36.62,4.73,58.51,0,Low
38.44,6.95,65.44,2,Medium
37.69,7.97,80.02,3,Medium
38.34,9.12,91.09,5,High
37.37,4.64,41.17,0,Low
37.24,7.05,62.38,0,Low
37.55,6.33,61.61,1,Low
37.82,6.84,93.54,3,Medium
39.26,8.63,89.5,6,High
38.91,8.32,85.31,6,High
37.91,5.22,84.96,2,Medium
37.99,7.33,80.81,2,Medium
39.46,7.94,100.0,5,High
38.35,6.66,91.97,3,Medium
37.18,5.44,49.85,0,Low
37.57,4.73,80.74,2,Medium
37.18,5.25,59.4,0,Low
35.37,5.43,40.88,0,Low
38.2,7.28,67.28,2,Medium
38.64,7.12,85.28,4,High
38.04,8.27,94.27,5,High
36.35,4.34,41.19,0,Low
37.87,5.58,77.01,2,Medium
36.79,5.62,48.93,0,Low
37.66,7.9,98.82,4,High
37.52,6.19,48.6,1,Low
38.32,7.91,86.73,4,High
38.35,8.44,100.0,5,High
38.71,8.81,92.77,6,High
36.55,4.86,52.81,0,Low
38.46,7.73,92.45,4,High
38.71,7.52,100.0,5,High
36.91,7.87,67.91,2,Medium
39.58,9.19,98.02,6,High
38.07,6.98,97.03,3,Medium
36.19,4.81,38.31,0,Low
39.54,8.33,88.17,6,High
38.04,8.53,81.61,4,High
36.67,5.59,41.87,0,Low
36.46,4.24,52.59,0,Low
39.16,8.16,88.46,6,High
37.11,5.99,49.47,0,Low
37.69,6.64,81.95,2,Medium
38.73,7.57,88.37,5,High
38.76,7.41,62.34,2,Medium
38.43,7.86,88.67,4,High
36.12,6.6,33.68,0,Low
37.44,5.92,42.81,0,Low
39.14,8.28,79.63,5,High
37.48,8.25,88.55,4,High
36.12,5.19,50.27,0,Low
35.34,7.21,58.59,0,Low
37.54,7.59,74.95,3,Medium
38.13,6.71,74.02,2,Medium
36.77,5.2,61.71,0,Low
37.5,6.82,62.7,1,Low
38.54,6.68,51.71,2,Low
37.93,6.83,75.56,2,Medium
36.53,4.16,39.71,0,Low
37.76,7.35,74.04,2,Medium
38.67,9.11,95.38,6,High
36.9,4.53,19.69,0,Low
36.97,5.06,43.36,0,Low
37.73,9.05,88.34,5,High
37.56,7.8,78.81,3,Medium
39.6,8.11,85.12,6,High
37.51,5.74,77.76,2,Medium
39.27,8.37,94.39,6,High
37.47,7.26,57.25,0,Low
35.9,5.01,64.32,0,Low
37.79,8.71,100.0,5,High
38.14,5.71,74.35,2,Medium
36.51,5.73,34.92,0,Low
36.66,6.04,69.94,1,Low
37.25,6.4,73.3,1,Low
36.63,5.51,40.88,0,Low
38.31,9.36,98.9,5,High
36.46,5.14,52.18,0,Low
35.93,5.31,19.6,0,Low
38.63,5.67,54.01,2,Medium
39.73,8.4,74.76,5,High
38.96,7.49,91.09,4,High
38.61,9.29,94.72,6,High
37.06,4.89,42.67,0,Low
39.31,7.81,100.0,5,High
39.03,8.06,86.39,6,High
37.68,6.56,63.36,1,High
37.34,6.46,76.1,1,Low
36.61,5.04,40.67,0,Low
38.35,7.27,84.38,2,Medium
38.65,7.99,87.08,5,High
37.44,7.02,69.32,1,Low
38.02,6.85,77.93,2,Medium
38.77,6.84,52.97,2,Medium
36.8,5.02,41.89,0,Low
36.93,8.12,64.14,2,Medium
37.94,7.57,95.43,4,High
39.22,8.19,88.34,6,High
38.18,9.04,100.0,5,High
37.35,6.52,73.4,1,Low
39.2,8.17,89.08,6,High
37.64,8.11,84.47,4,High
36.94,6.82,64.85,0,Low
37.37,7.41,79.85,1,Low
38.67,7.56,92.81,5,High
38.94,8.47,88.12,6,High
36.93,4.93,49.84,0,Low
36.77,5.39,34.76,0,Low
37.88,6.79,64.78,1,Low
38.35,7.75,84.12,3,Medium
38.2,8.03,90.64,5,High
37.62,6.56,74.83,2,Medium
39.07,6.82,80.51,3,Medium
39.24,8.26,96.85,6,High
38.68,5.61,79.49,3,Medium
37.39,8.36,88.49,4,High
37.99,7.36,74.42,2,Medium
38.55,7.01,92.77,4,High
38.69,7.87,99.95,5,High
38.65,8.06,92.85,6,High
37.24,7.73,65.96,2,Medium
38.05,7.81,76.31,3,Medium
38.19,6.99,80.93,2,Medium
36.47,5.56,44.94,0,Low
37.92,5.07,68.0,2,Medium
36.22,5.64,47.2,0,Low
37.05,5.48,50.05,0,Low
36.44,5.71,47.44,0,Low
37.71,5.36,76.57,2,Medium
37.07,5.34,56.62,0,Low
37.85,5.67,66.42,2,Medium
38.45,7.33,68.18,2,Medium
37.99,7.69,74.1,3,Medium
38.96,7.05,96.43,4,High
37.29,7.45,75.59,1,Low
40.22,8.58,84.84,5,High
38.73,8.96,92.25,6,High
35.88,5.04,44.32,0,Low
36.49,5.31,44.95,0,Low
37.76,6.43,71.94,2,Medium
38.65,7.93,90.54,5,High
36.74,6.0,58.6,0,Low
37.28,6.09,31.16,0,Low
39.63,9.04,83.83,5,High
38.95,9.31,78.9,5,High
35.69,5.1,72.17,1,Low
37.95,7.24,68.84,2,Medium
38.1,6.12,69.06,2,Medium
37.06,5.91,49.03,0,Low
36.98,4.58,37.37,0,Low
37.26,7.13,80.49,1,Low
38.12,6.3,59.83,1,Low
36.1,4.1,47.58,0,Low
38.23,8.4,62.23,3,Medium
37.4,5.66,54.6,0,Low
39.58,8.68,91.52,6,High
36.65,6.15,31.87,0,Low
36.29,4.71,44.81,0,Low
36.83,5.04,48.32,0,Medium
37.89,8.84,83.39,4,High
39.1,8.15,93.9,6,High
37.76,8.02,77.08,4,High
36.95,4.51,71.1,1,Low
38.97,8.03,87.4,6,High
37.51,7.75,57.95,2,Medium
39.29,7.97,94.26,5,High
37.35,7.32,76.04,1,Medium
38.67,8.09,87.4,6,High
38.94,8.51,90.54,6,High
36.1,4.54,46.6,0,Low
37.76,8.56,91.99,5,High
36.54,4.43,39.56,0,Low
38.11,8.21,72.65,4,High
36.74,4.86,31.79,0,Medium
38.5,7.21,73.91,2,Medium
36.52,4.64,36.8,0,Low
38.13,6.96,78.16,2,Medium
37.35,6.38,64.09,0,Low
38.57,8.86,96.41,6,High
38.98,9.07,81.52,5,High
37.16,5.02,36.95,0,Low
38.64,7.7,83.08,4,High
36.7,6.06,41.52,0,Low
38.62,7.59,71.45,4,High
37.49,5.96,70.36,1,Low
38.7,5.54,58.39,2,Medium
39.21,6.65,76.12,3,Medium
39.71,9.33,86.68,6,High
37.48,7.31,85.29,2,Medium
38.88,7.7,90.07,5,High
36.4,3.73,40.68,1,Low
35.69,5.16,51.07,0,Low
37.23,7.38,79.67,1,Low
37.37,6.88,70.9,1,Low
39.67,7.96,74.85,4,High
39.19,8.41,92.67,6,High
36.04,4.7,63.54,0,Low
36.57,5.86,59.57,0,Low
39.31,7.58,100.0,5,High
37.33,7.11,65.07,1,Low
36.82,6.24,50.2,0,Low
39.31,7.7,97.31,5,High
38.1,5.38,47.49,1,Low
39.95,7.51,95.86,5,High
38.76,8.17,100.0,6,High
39.13,8.98,84.93,5,High
38.35,7.51,68.45,3,Medium
38.38,7.72,82.66,3,Medium
38.76,8.46,93.9,6,High
36.06,4.84,35.7,0,Low
37.45,3.93,69.28,2,Medium
36.95,5.69,55.42,0,Low
38.73,5.93,68.44,3,Medium
37.05,6.27,88.73,2,Medium
37.59,6.46,80.94,2,Medium
39.08,7.06,72.28,3,Low
36.67,5.53,39.41,0,Low
38.08,6.25,64.11,1,Low
37.71,7.69,68.33,3,Medium
38.0,6.73,71.58,2,Medium
38.07,7.48,79.91,2,Medium
37.14,6.37,83.85,1,Low
38.44,7.33,84.53,2,Medium
39.46,8.81,81.6,5,High
39.29,7.49,89.33,4,High
37.98,5.43,71.31,2,Medium
38.69,6.26,64.55,2,Medium
36.75,5.07,52.25,0,Low
38.1,6.21,68.57,2,Medium
35.9,4.8,29.7,0,Low
38.42,6.94,68.83,2,Medium
36.77,5.57,53.58,0,Low
37.86,5.94,61.71,1,Low
38.68,9.34,78.74,5,High
39.36,8.0,92.46,5,High
37.83,6.56,71.79,2,Medium
37.41,4.86,40.28,0,Low
37.33,5.48,22.21,0,Low
36.18,5.16,44.6,0,Low
38.79,9.04,96.18,6,High
39.59,7.21,89.32,4,High
38.2,5.43,67.4,2,Medium
36.84,5.83,54.14,0,Low
36.94,4.86,46.76,0,Low
38.87,8.42,97.69,6,High
37.22,6.63,53.44,0,Low
36.86,5.33,52.36,0,Low
35.76,6.06,67.21,1,Low
36.9,4.83,45.08,0,Low
38.22,7.38,76.27,2,Medium
39.37,7.59,96.66,5,High
36.59,6.05,33.99,0,Low
38.52,9.03,100.0,6,Medium
37.19,6.16,44.6,0,Low
36.97,4.41,46.32,0,Low
36.35,5.6,51.29,0,Low
39.03,9.25,94.43,6,High
38.7,6.57,59.53,2,Medium
38.98,8.74,83.9,5,High
36.05,5.04,37.22,0,Low
36.45,3.39,31.08,1,Low
39.11,7.56,94.38,5,High
36.96,4.92,41.1,0,Low
37.88,4.47,47.72,1,Low
37.42,5.52,63.99,0,Low
37.73,6.62,79.11,2,Medium
36.56,3.94,48.85,1,Low
38.3,5.88,68.08,2,Medium
38.75,9.09,87.43,6,High
37.56,5.51,57.04,1,Low
37.18,7.05,70.26,1,Low
36.71,4.34,55.09,0,Low
37.71,6.4,76.89,2,Medium
37.33,8.35,76.04,3,Medium
37.85,6.52,75.01,2,Medium
38.44,7.71,89.71,4,High
36.36,5.94,26.92,0,Low
36.3,6.4,38.55,0,Low
37.38,6.81,72.7,1,Low
37.09,5.19,55.22,0,Low
38.02,6.63,84.58,2,Low
38.63,7.89,91.9,5,High
37.56,6.9,71.84,2,Medium
37.05,6.06,56.34,0,Low
38.36,7.9,80.45,3,Medium
36.04,5.53,50.75,0,Low
38.72,6.98,86.33,4,High
36.72,5.43,48.9,0,Low
38.56,7.83,98.3,5,High
37.78,8.28,75.78,4,High
36.26,5.93,47.48,0,Low
39.31,8.73,94.4,6,High
36.83,5.39,36.22,0,Low
37.28,7.05,56.63,0,Low
38.6,8.14,85.43,6,High
39.11,7.63,89.76,5,High
38.11,7.69,96.89,4,High
37.98,7.62,62.06,2,Medium
37.58,6.52,83.4,2,Medium
36.0,4.04,61.82,0,Low
38.7,7.23,87.9,4,High
38.03,6.71,54.35,1,Low
38.99,7.6,95.24,5,High
37.64,7.38,68.9,2,Medium
40.12,7.54,96.16,5,High
36.11,4.6,37.96,0,Low
38.69,8.08,96.7,6,High
36.11,5.47,51.63,0,Low
36.88,5.93,44.41,0,Low
38.34,8.18,61.14,3,Medium
38.45,6.89,52.53,1,Low
38.31,7.44,76.18,2,Medium
37.48,7.07,75.79,1,Low
36.75,5.27,46.66,0,Low
36.18,4.93,43.49,0,Low
38.45,7.08,61.89,1,Low
37.52,5.72,62.7,1,Low
37.94,8.29,74.83,4,High
36.96,5.76,40.69,0,Low
37.68,6.79,63.72,1,Low
38.11,6.0,54.67,1,Low
38.76,7.61,88.18,5,High
38.19,6.27,56.96,1,Low
39.29,8.73,92.82,6,High
37.46,4.66,62.84,0,Low
39.51,8.63,74.18,5,High
35.99,3.75,55.55,1,Low
36.47,5.6,62.82,0,Low
38.88,8.05,94.3,6,High
38.13,7.14,69.49,2,Medium
38.35,5.77,76.19,2,Medium
37.33,6.31,91.21,2,Medium
38.17,8.68,83.82,4,High
36.86,4.36,48.85,0,Low
36.95,5.13,13.93,0,Low
36.46,5.99,49.74,0,Low
38.47,7.73,89.79,4,High
37.27,4.89,30.3,0,Low
38.38,6.67,67.79,2,Medium
37.44,5.01,61.47,0,Low
36.48,3.91,57.19,1,Medium
38.09,7.14,57.01,1,Low
37.05,5.8,53.66,0,Low
35.73,4.99,33.52,0,Low
37.17,4.33,44.45,0,Low
39.44,7.19,72.32,3,Medium
36.63,6.93,75.92,1,Low
38.53,8.3,95.21,6,High
38.36,7.02,63.95,1,Low
36.53,5.55,40.67,0,Low
37.59,6.05,71.72,2,Medium
39.38,8.56,83.88,5,High
37.52,5.52,64.03,1,Low
36.86,5.1,55.89,0,Low
36.41,6.15,21.83,0,Low
38.26,8.08,86.52,5,High
37.46,7.0,56.94,0,Low
39.34,9.5,95.62,6,High
37.85,6.94,64.81,1,Low
35.46,5.39,39.28,0,Low
39.78,7.44,92.18,4,High
39.0,7.23,100.0,4,High
38.58,8.01,86.94,6,High
39.0,7.84,95.37,5,High
37.41,4.85,35.36,0,Low
40.22,8.6,84.46,5,High
37.28,4.05,35.96,0,Low
38.26,8.14,95.7,5,High
36.75,5.82,49.8,0,Low
37.57,7.46,58.23,1,Low
38.92,8.88,85.34,6,High
35.98,5.31,39.91,0,Low
36.22,5.38,31.76,0,Low
39.44,8.1,97.64,6,High
36.6,5.11,61.65,0,Low
38.48,6.3,60.13,1,Low
39.73,8.9,90.1,6,High
38.27,6.92,71.92,2,Medium
37.51,6.25,62.99,1,Low
37.97,6.77,77.62,2,Medium
38.56,7.93,62.43,3,Medium
38.37,7.91,85.56,4,High
36.9,7.09,75.55,1,Low
37.31,5.64,37.95,0,Low
38.17,6.17,84.75,2,Medium
39.24,8.39,88.35,6,High
37.66,7.88,85.89,4,High
36.21,5.32,29.49,0,Low
37.56,9.46,88.87,5,High
38.47,7.67,84.75,3,Medium
36.27,4.43,31.1,0,Low
39.62,8.05,89.86,6,High
37.94,6.98,67.81,2,Medium
38.05,5.96,81.93,2,Medium
39.91,8.45,100.0,6,High
38.01,6.22,62.98,1,Low
37.97,6.33,78.33,2,Medium
37.02,4.32,56.99,0,Low
39.62,8.79,89.32,6,High
39.97,8.03,95.99,6,High
35.67,4.14,49.87,0,Low
39.15,8.89,93.13,6,High
36.9,5.12,38.09,0,Low
37.94,6.32,68.22,2,Medium
39.73,8.31,90.46,6,High
37.46,5.73,54.02,0,Low
37.92,6.7,76.83,2,Medium
36.48,5.43,35.72,0,Low
39.02,9.0,96.47,6,High
37.93,8.0,52.59,2,Medium
38.98,7.17,78.32,3,Medium
38.77,7.83,89.61,5,High
38.11,8.39,71.0,4,High
39.89,7.47,85.52,4,High
36.81,3.99,36.04,1,Low
36.91,5.83,30.34,0,Low
39.46,7.8,74.14,4,High
38.54,9.13,89.05,6,High
37.97,5.76,75.14,2,Medium
37.48,7.1,87.5,2,Medium
36.08,4.58,51.19,0,Low
37.6,8.25,86.1,5,High
38.1,7.86,90.47,4,High
36.78,5.66,45.32,0,Low
37.81,7.36,80.33,2,Medium
37.44,7.07,74.78,1,Low
37.56,6.27,77.56,2,Medium
38.63,8.95,79.03,5,High
36.29,5.61,43.69,0,Low
36.47,5.6,40.83,0,Low
37.51,5.02,36.89,1,Low
40.02,7.87,100.0,5,High
37.97,6.94,92.16,3,Medium
39.03,8.04,88.3,6,High
37.77,6.95,69.76,2,Medium
36.79,5.5,38.5,0,Low
38.57,7.48,78.32,3,Medium
37.17,6.1,54.7,0,Low
38.88,8.54,96.7,6,High
38.56,9.15,81.42,5,High
38.1,7.63,99.98,4,High
37.86,7.2,69.89,2,Medium
37.71,5.96,49.25,1,Low
36.49,4.52,46.17,0,Low
37.73,5.64,91.32,3,Medium
38.13,6.46,54.38,1,Low
38.71,8.63,97.25,6,High
39.49,9.28,93.12,6,High
36.85,3.67,43.15,1,Low
36.72,4.45,52.27,0,Low
38.5,8.1,53.24,4,High
39.36,7.61,72.24,4,High
36.57,3.65,35.73,1,Low
38.47,7.85,100.0,4,High
39.07,8.35,94.72,6,High
38.12,5.77,68.92,2,Medium
36.49,5.36,52.62,0,Low
39.1,8.25,72.79,5,High
36.84,4.31,48.37,0,Low
38.49,7.21,73.22,2,Medium
38.72,8.45,85.03,6,High
37.93,8.69,90.14,5,High
36.21,5.06,45.73,0,Low
37.38,7.31,51.54,0,Low
35.82,5.58,49.8,0,Low
37.34,4.78,52.32,0,Low
37.86,7.85,90.82,4,High
39.4,8.39,92.65,6,High
38.7,6.05,100.0,4,High
37.78,6.62,62.16,1,Low
36.58,4.5,46.79,0,Low
37.06,4.06,35.34,0,Low
36.28,4.37,37.92,0,Low
36.55,4.85,32.66,0,Low
37.26,3.66,26.36,1,Low
39.84,6.92,96.52,4,High
36.17,6.11,42.86,0,Low
36.24,5.7,55.01,0,Low
38.62,6.79,100.0,4,High
36.87,4.3,26.64,0,Low
37.43,7.9,74.87,2,Medium
36.53,4.82,54.6,0,Low
36.77,5.21,34.81,0,Low
37.75,6.01,78.53,2,Medium
39.15,7.49,96.5,4,High
37.27,7.08,62.15,0,Low
38.52,7.03,57.72,2,Medium
38.27,5.71,56.69,1,Low
36.67,5.27,39.73,0,Low
36.17,5.44,47.57,0,Low
38.49,6.44,63.39,1,Low
35.59,4.88,43.71,0,Low
38.38,9.11,97.01,5,High
37.68,7.12,63.74,1,Low
36.43,5.76,59.18,0,Low
38.13,6.79,59.92,1,Low
35.97,5.81,63.63,0,Low
37.58,7.64,82.16,3,Medium
38.81,8.16,83.83,5,High
36.25,4.62,43.78,0,Low
36.87,7.53,62.6,1,Low
37.59,4.65,73.07,2,Medium
37.58,4.73,76.88,2,Medium
36.82,4.84,31.27,0,Low
38.25,6.52,66.4,2,Medium
37.95,5.91,79.19,2,Medium
36.45,6.51,41.32,0,Low
38.19,5.37,82.51,2,Medium
39.21,6.17,87.92,4,High
39.57,8.83,93.1,6,High
37.35,4.82,66.66,1,Low
38.15,6.43,84.07,2,Medium
39.77,8.31,89.62,6,High
38.62,7.61,71.38,4,High
37.01,3.99,45.42,1,Low
37.19,7.1,91.54,2,Medium
36.98,6.65,55.35,0,Low
36.72,5.34,62.21,0,Low
36.52,6.12,69.3,1,Low
36.05,6.22,69.96,1,Low
38.3,8.22,92.74,5,High
38.59,6.85,61.28,2,Medium
38.77,8.87,83.41,5,High
37.95,8.39,73.9,4,High
39.34,8.66,86.82,6,High
36.87,5.04,26.8,0,Low
36.28,3.94,40.77,1,Low
39.62,8.77,92.15,6,High
38.96,7.54,82.76,4,High
39.74,8.85,81.36,5,High
36.4,4.89,38.57,0,Low
36.59,5.15,47.69,0,Low
38.97,8.84,100.0,6,High
37.14,6.85,81.09,1,Low
36.94,4.05,38.14,0,Low
38.81,6.9,100.0,4,High
38.98,7.29,93.01,4,High
36.84,5.83,39.18,0,Low
38.86,7.04,100.0,4,High
39.42,7.92,77.66,4,High
37.34,7.08,74.43,1,Low
37.51,6.68,60.5,1,Low
36.89,4.99,38.18,0,Low
38.12,7.27,89.34,3,Medium
39.56,8.59,90.24,6,High
40.16,8.35,84.55,5,High
37.33,8.18,98.74,4,High
36.75,5.45,58.24,0,Low
38.12,6.55,46.86,1,Low
38.16,6.92,63.12,1,Low
38.75,8.18,89.55,6,High
37.33,7.25,62.79,0,Low
38.34,6.0,78.83,2,Medium
35.78,5.96,48.72,0,Low
39.5,9.1,91.61,6,High
38.09,6.53,54.17,1,Low
37.29,5.41,32.19,0,Low
38.71,6.94,98.14,4,High
37.49,5.8,42.27,0,Low
37.81,5.7,47.86,1,Low
36.66,5.41,33.77,0,Low
37.76,6.83,73.29,2,Medium
36.93,4.42,52.3,0,Low
38.66,7.62,100.0,5,High
37.98,7.97,70.83,3,Medium
36.1,4.92,54.26,0,Low
36.61,5.85,42.43,0,Low
37.25,6.4,57.31,0,Low
36.82,4.93,65.66,1,Low
38.82,9.4,88.85,6,High
36.99,5.91,61.02,0,Low
37.66,6.71,60.13,1,Low
36.6,6.18,52.12,0,Low
35.52,4.15,40.74,0,Low
36.55,3.97,42.06,1,Low
35.9,6.4,40.78,0,Low
38.84,8.05,83.27,5,High
39.1,9.05,97.58,6,High
39.49,8.49,85.0,6,High
36.89,5.03,50.76,0,Low
40.1,7.04,94.62,4,High
38.22,6.23,81.69,2,Medium
36.01,4.23,46.5,0,Low
37.5,5.73,66.92,2,Medium
37.72,6.1,43.22,1,Low
38.78,6.14,67.9,3,Medium
36.79,5.9,26.53,0,Low
39.79,8.64,87.92,6,High
38.08,8.76,89.45,5,High
36.71,6.59,77.37,1,Low
39.65,8.93,82.33,5,High
38.3,8.23,95.25,5,High
39.37,7.9,85.35,5,High
36.18,4.38,57.49,0,Low
38.03,8.71,86.75,5,High
36.65,7.52,61.4,1,Low
39.28,8.68,83.7,5,High
40.13,9.01,99.53,6,High
36.38,4.96,50.29,0,Low
37.52,5.66,72.35,2,Medium
36.27,5.57,32.46,0,Low
36.99,5.65,35.45,0,Low
37.51,6.64,71.44,2,Medium
39.09,8.36,81.37,5,High
39.23,8.61,84.24,5,High
37.24,6.46,67.24,1,Low
36.45,5.16,23.09,0,Low
38.13,5.4,90.42,3,Medium
38.98,8.34,94.84,6,High
37.96,8.99,99.97,5,High
36.54,3.0,30.07,1,Low
37.2,5.51,44.09,0,Low
39.5,7.96,100.0,5,High
35.86,4.71,35.9,0,Low
37.0,4.98,44.9,0,Low
35.44,3.94,40.38,1,Low
37.78,7.92,69.26,3,Medium
37.5,8.17,85.32,5,High
37.12,7.05,73.84,1,Low
36.31,4.75,37.32,0,Low
39.72,8.73,87.72,6,High
39.13,9.5,96.98,6,High
37.92,6.45,83.83,2,Medium
35.93,4.42,50.45,0,Low
36.85,6.06,73.63,1,Low
37.84,8.04,93.93,5,High
38.69,6.87,66.27,3,Medium
36.41,5.5,54.03,0,Low
38.17,7.82,70.75,3,Medium
37.54,6.74,65.19,2,Medium
37.39,6.54,51.4,0,Low
38.52,7.53,78.13,4,High
36.95,5.43,53.15,0,Low
38.78,8.24,87.31,6,High
37.28,6.98,79.06,1,Low
39.28,6.06,74.45,3,Medium
38.43,7.32,80.7,2,Medium
38.73,7.83,61.48,3,Medium
35.83,6.07,47.69,0,Low
38.83,7.09,100.0,4,High
36.1,5.8,69.43,1,Low
37.85,6.99,58.89,1,Low
37.49,4.91,34.95,0,Low
37.14,3.62,48.06,1,Low
37.62,5.4,60.8,1,Low
38.82,8.75,100.0,6,High
38.19,7.09,71.03,2,Medium
38.02,7.05,81.19,2,Medium
38.79,7.7,86.22,5,High
36.25,5.66,50.16,0,Low
37.58,6.14,81.36,2,Medium
37.8,7.36,76.61,2,Medium
38.59,6.47,87.0,4,High
36.76,4.87,21.3,0,Low
37.75,8.02,98.83,5,High
36.15,5.56,42.01,0,Low
39.66,7.5,86.32,4,High
38.16,9.27,88.27,5,High
38.34,6.68,65.21,2,Medium
36.96,4.31,30.56,0,Low
36.23,5.25,42.57,0,Low
39.76,8.15,87.15,6,High
38.6,7.8,86.0,5,High
39.33,7.99,97.85,5,High
37.29,5.91,71.84,1,Low
38.12,7.83,63.74,2,Medium
36.57,5.96,34.73,0,Low
39.04,8.63,84.38,5,High
38.58,7.76,73.53,4,Medium
38.91,8.76,100.0,6,High
38.3,7.46,87.62,3,Medium
39.17,9.5,93.48,6,High
37.33,7.74,69.94,2,Medium
37.91,6.0,65.74,2,Medium
37.45,6.41,62.56,0,Low
36.1,4.66,34.26,0,Low
36.7,5.84,67.64,1,Low
38.12,7.39,74.67,2,Medium
38.88,7.59,96.71,5,High
38.62,7.53,63.74,3,Medium
37.36,9.36,79.29,3,Medium
36.81,5.79,41.06,0,Low
37.74,6.62,49.51,1,Low
37.36,7.32,67.54,1,Low
37.77,7.14,67.87,2,Medium
36.5,5.53,52.22,0,Low
35.87,5.45,50.03,0,Low
38.74,7.19,94.27,4,High
38.6,6.82,69.55,3,Medium
36.3,4.55,43.83,0,Low
36.49,6.36,57.51,0,Low
37.38,4.42,74.89,1,Low
40.1,9.4,75.97,5,High
36.46,4.6,51.3,0,Low
39.2,7.64,91.42,5,High
36.79,4.75,51.5,0,Low
37.48,6.46,77.87,1,Low
36.87,4.98,35.54,0,Low
38.48,8.45,89.1,5,High
36.3,5.74,61.54,0,Low
37.98,6.45,98.22,3,Medium
37.04,5.23,44.25,0,Low
36.34,5.3,48.8,0,Low
37.14,5.36,51.91,0,Low
39.12,9.3,82.24,5,Low
36.95,7.25,78.48,1,Low
38.62,6.22,66.58,3,Low
37.47,7.03,77.75,1,Low
39.26,8.66,85.56,6,High
37.84,6.6,83.48,2,Medium
38.06,6.22,95.19,3,Medium
36.54,5.36,45.06,0,Low
36.66,4.97,26.75,0,Low
36.58,5.22,44.07,0,Low
38.34,7.23,83.96,2,Medium
36.5,5.43,21.23,0,Low
36.74,6.53,34.57,0,Low
36.78,5.25,49.06,0,Low
36.29,3.96,48.4,1,Low
38.07,7.97,93.45,4,High
38.39,7.95,76.54,3,Medium
40.4,7.41,86.69,4,High
38.35,6.02,77.63,2,Medium
39.39,8.68,100.0,6,High
36.87,4.48,33.42,0,Low
37.49,7.31,75.31,1,Low
37.91,8.73,89.54,5,High
37.77,7.63,77.31,3,Medium
38.22,7.56,96.02,4,High
36.54,6.88,50.51,0,Low
36.07,4.14,54.55,0,Low
39.6,8.29,100.0,6,High
36.79,4.44,58.58,0,Low
38.38,8.07,100.0,5,High
38.11,7.98,100.0,4,Medium
39.58,7.46,83.28,3,Medium
38.55,7.7,78.2,4,High
39.64,8.17,95.42,6,High
37.5,5.03,41.85,0,Low
38.64,6.45,59.95,2,Medium
35.83,3.89,42.98,1,Low
38.26,8.33,92.13,5,High
40.12,8.46,99.03,6,High
38.02,8.48,100.0,5,High
38.99,7.46,84.25,3,Medium
36.35,4.09,29.06,0,Low
36.84,5.42,52.11,0,Low
39.5,8.62,90.06,6,High
37.58,6.95,86.17,3,Medium
36.47,5.38,31.78,0,Low
38.4,8.61,100.0,5,High
40.65,8.49,84.0,5,High
39.08,7.19,64.34,2,Medium
39.16,8.19,92.77,6,High
36.04,5.45,44.13,0,Low
37.14,3.98,16.6,1,Low
36.53,4.05,24.47,0,Low
38.13,6.82,91.95,3,Medium
37.48,4.17,30.39,0,Low
36.81,5.87,25.43,0,Low
39.49,8.76,86.75,6,High
38.43,8.02,81.66,4,High
38.76,7.91,83.93,4,High
40.08,7.9,92.64,5,High
39.71,8.3,86.45,6,Medium
38.33,4.44,61.76,1,Low
37.83,8.8,66.62,4,High
39.99,8.6,84.61,5,High
38.27,8.12,75.46,4,High
37.9,5.59,31.79,1,Low
39.72,8.05,100.0,6,Medium
36.42,5.11,47.55,0,Low
38.64,7.46,86.74,4,High
38.41,7.62,75.6,3,Medium
38.84,7.39,88.82,4,High
37.1,5.33,60.1,0,Low
37.78,7.5,79.06,2,Medium
38.09,6.56,49.91,1,Low
37.25,7.06,54.65,0,Low
36.38,5.84,38.6,0,Low
39.12,8.07,96.32,6,High
38.01,8.78,67.61,4,High
37.9,7.69,93.68,4,High
38.21,7.14,56.82,1,Low
35.98,4.46,47.75,0,Low
38.3,8.29,91.25,5,High
37.19,4.72,57.14,0,Low
37.49,5.35,46.89,0,Low
38.02,8.03,90.9,5,High
39.26,7.33,88.54,4,High
39.5,8.57,93.13,6,High
37.02,7.17,45.52,0,Low
38.9,7.93,100.0,5,High
37.12,4.35,68.06,1,Low
38.33,8.22,97.67,5,High
37.97,7.05,58.99,1,Low
36.09,5.61,34.1,0,Low
37.2,5.89,58.18,0,Low
37.99,7.09,52.28,1,Low
36.22,5.37,41.79,0,Low
37.53,8.18,57.16,3,Medium
37.95,6.6,62.36,1,Low
36.25,4.33,65.15,1,Low
36.57,4.02,53.86,0,Low
38.57,7.82,86.0,5,High
37.24,6.24,80.2,1,Low
37.96,5.01,79.48,2,Medium
38.46,6.92,64.38,1,Low
38.99,7.44,78.63,3,Medium
38.01,7.88,65.21,3,Medium
37.58,6.4,70.97,2,Medium
39.1,8.01,74.1,5,High
38.69,8.71,92.28,6,High
36.86,4.61,44.3,0,Low
39.19,8.24,84.97,5,High
39.18,7.6,92.54,5,High
37.15,5.37,64.55,0,Low
39.58,8.76,88.54,6,High
37.36,5.72,62.49,0,Low
39.86,7.3,91.19,4,High
38.08,7.16,79.46,2,Medium
38.95,8.02,100.0,6,High
36.0,3.58,51.83,1,Low
37.58,5.52,61.75,1,Low
39.78,8.73,79.74,5,High
38.05,6.72,69.62,2,Medium
37.52,7.44,73.16,2,Medium
36.06,3.81,50.83,1,Medium
36.19,3.69,50.19,1,Low
38.47,7.62,88.09,4,High
36.44,4.17,44.3,0,Low
37.92,6.85,66.74,2,Medium
36.14,3.84,59.17,1,Low
36.64,5.21,49.07,0,Low
36.44,4.67,75.14,1,Low
39.0,9.02,99.92,6,High
38.77,8.19,94.89,6,High
36.55,4.68,57.59,0,Low
37.69,5.33,59.7,1,Low
38.07,6.55,81.24,2,Medium
37.87,7.0,65.47,2,Medium
38.18,9.28,99.12,5,High
36.21,5.29,40.94,0,Low
36.42,6.07,45.1,0,Low
38.2,5.72,90.86,3,Medium
38.09,7.32,58.11,1,Low
36.58,5.97,49.75,0,Low
39.69,8.21,99.47,6,High
36.56,4.85,46.69,0,Low
36.74,5.5,46.73,0,Low
37.88,5.2,86.63,3,Medium
37.59,7.89,79.79,3,Medium
36.98,4.19,44.03,0,Low
36.26,4.3,45.94,0,Low
36.92,4.04,14.41,0,Low
37.36,6.31,48.17,0,Low
38.08,7.05,73.03,2,Medium
36.11,4.68,36.02,0,Low
38.02,7.61,55.2,2,Medium
39.33,7.65,88.46,5,High
36.61,5.47,46.14,0,Low
38.2,8.35,90.8,5,High
36.89,5.89,37.08,0,Low
36.22,3.82,69.05,2,Medium
36.17,4.21,40.34,0,Low
37.32,4.13,26.54,0,Low
36.55,4.84,51.72,0,Low
37.88,5.68,53.32,1,Low
37.36,7.02,52.01,0,Low
38.8,8.18,93.19,6,High
37.57,7.8,66.8,3,Medium
37.74,6.79,68.61,2,Medium
37.69,6.88,85.31,3,Medium
37.13,4.06,30.84,0,Low
39.36,7.89,84.42,4,High
36.94,5.74,39.7,0,Low
39.47,8.04,85.11,6,High
38.59,8.73,77.92,5,High
38.48,8.07,88.83,5,High
37.76,6.44,64.29,1,Low
36.61,4.91,37.26,0,Medium
39.36,7.75,72.03,4,High
36.46,4.59,55.94,0,Low
38.69,7.64,63.72,3,Medium
39.2,8.52,84.93,5,High
40.17,8.77,91.25,6,High
39.27,8.64,73.31,5,High
36.37,4.89,54.25,0,Low
38.09,7.79,91.23,4,High
37.42,4.8,54.97,0,Low
38.17,6.78,66.0,2,Medium
38.22,8.41,89.56,5,High
38.23,6.64,60.87,1,High
39.39,7.59,91.67,5,High
37.52,6.57,54.28,1,Low
35.92,5.75,43.9,0,Low
37.18,4.28,36.03,0,Low
38.55,8.3,53.26,4,High
38.94,7.89,89.75,5,High
38.1,6.03,71.93,2,Medium
38.65,7.16,86.76,4,High
38.37,6.75,71.23,2,Medium
35.54,3.6,41.18,1,Low
36.48,4.4,42.12,0,Low
38.29,7.38,64.47,1,Low
39.07,8.45,100.0,6,High
39.6,7.5,84.9,4,High
36.68,5.45,14.34,0,Low
38.2,7.24,58.04,1,Low
38.91,8.55,88.99,6,High
38.45,6.64,72.84,2,Medium
36.53,4.21,53.11,0,Low
38.54,7.37,46.56,2,Medium
36.31,5.03,65.26,1,Low
37.72,4.73,35.8,1,Low
38.36,7.32,62.31,1,Low
36.08,4.44,43.86,0,Low
38.43,6.34,67.8,2,Medium
38.42,6.27,81.42,2,Medium
37.68,6.82,65.26,2,Medium
37.8,6.47,70.46,2,Medium
36.56,5.45,46.66,0,Low
38.67,7.92,81.06,4,High
40.08,8.37,85.32,6,High
37.94,7.7,96.07,4,High
38.33,7.69,95.2,4,High
37.59,6.55,92.06,3,Medium
39.78,7.15,88.79,4,High
38.17,7.65,73.26,3,Medium
36.27,5.43,53.64,0,Low
38.98,8.23,92.15,6,High
36.92,5.02,44.41,0,Low
38.43,7.72,94.35,4,High
38.31,6.76,78.2,2,Medium
39.41,7.91,93.27,5,High
37.12,8.16,92.66,4,High
38.3,7.27,66.77,2,Medium
37.08,4.32,32.27,0,Low
39.29,7.68,88.2,5,High
36.09,3.29,32.68,1,Low
38.14,7.2,76.1,2,Medium
37.48,7.1,67.88,1,Low
38.09,7.83,65.34,3,Medium
37.62,5.04,50.99,1,Low
37.88,7.52,81.29,3,Medium
38.19,7.02,73.91,2,Medium
36.86,4.9,55.0,0,Low
36.32,5.0,23.78,0,Low
39.63,8.05,91.07,6,Medium
36.72,4.45,42.18,0,Low
36.89,5.17,39.83,0,Low
37.79,7.72,65.59,3,Medium
36.25,5.57,57.45,0,Low
38.64,7.03,82.38,3,Medium
36.04,4.58,27.05,0,Low
37.15,5.38,59.03,0,Low
39.06,7.55,76.48,4,High
37.91,5.3,62.86,1,Low
38.69,8.0,99.43,6,High
38.71,7.41,88.12,4,High
36.57,5.43,71.54,1,Low
37.65,8.03,64.78,3,Medium
36.92,5.87,67.96,1,Low
37.03,6.24,91.86,2,Medium
36.85,3.24,28.79,1,Low
38.92,7.97,83.49,4,High
36.95,4.8,26.74,0,Low
38.19,6.64,71.16,2,Medium
36.25,5.04,53.82,0,Low
39.37,7.79,95.09,5,High
38.47,7.92,95.44,4,High
37.81,9.18,99.31,5,High
37.78,7.11,63.59,1,Low
35.86,3.78,72.99,2,Medium
39.02,8.18,83.38,5,High
37.95,6.64,62.48,1,Low
39.01,8.44,95.64,6,High
38.8,9.09,82.45,5,High
38.18,6.3,59.23,1,Low
38.81,7.44,100.0,4,High
38.85,7.07,92.17,4,High
38.31,6.79,83.51,2,Low
35.8,5.17,41.97,0,Low
36.07,4.48,63.66,0,Low
37.73,7.18,49.61,1,Low
38.1,6.93,64.61,1,Low
36.77,4.99,55.33,0,Low
37.18,5.36,65.56,1,Low
39.94,7.8,77.26,4,High
38.76,9.08,80.96,5,High
36.8,5.07,42.94,0,Low
38.44,8.03,70.33,4,High
37.37,4.25,66.49,1,Low
39.79,8.61,73.1,5,High
39.08,7.79,87.48,5,Medium
38.17,8.73,94.12,5,High
38.26,6.88,83.31,2,Medium
38.56,5.3,74.59,3,Medium
38.38,8.9,97.11,5,High
38.26,7.28,62.77,1,Low
37.1,6.53,68.23,1,Low
39.06,7.56,91.91,5,High
37.43,5.53,76.25,1,Low
39.23,7.76,91.37,5,High
37.41,6.83,72.62,1,Low
38.27,7.98,97.67,4,High
36.67,5.17,42.0,0,Low
35.93,4.54,62.21,0,Low
37.02,5.77,23.09,0,Low
37.74,8.73,66.87,4,High
39.13,8.41,89.81,6,High
35.25,5.9,37.6,0,Low
36.82,5.29,54.21,0,Low
38.35,7.68,87.45,4,High
37.64,8.28,97.46,5,High
38.25,7.65,42.53,2,Medium
38.07,7.87,58.25,2,Medium
38.79,6.06,66.89,3,Medium
36.99,5.75,47.68,0,Low
36.95,5.51,23.22,0,Low
37.41,8.82,84.93,3,Medium
38.16,6.77,74.51,2,Medium
39.33,9.5,79.27,5,High
38.65,7.91,86.98,5,High
37.04,4.03,50.41,0,Low
36.76,5.34,56.39,0,Low
38.69,8.49,94.8,6,High
35.74,4.87,32.22,0,Low
38.26,6.58,62.71,1,Low
38.82,9.06,100.0,6,High
39.04,9.3,91.93,6,High
38.49,7.78,89.95,4,High
35.89,4.69,47.55,0,Low
36.59,5.17,30.14,0,Low
36.57,5.36,47.78,0,Low
36.48,6.06,51.53,0,Low
36.09,4.5,45.08,0,Low
39.24,8.43,87.04,6,High
37.62,4.61,29.5,1,Low
38.69,8.76,85.39,6,High
37.9,7.69,62.42,2,Medium
37.95,7.19,68.21,2,Medium
36.89,4.01,40.91,0,Low
36.36,5.28,38.94,0,Low
37.78,5.95,74.96,2,Medium
35.51,4.46,49.24,0,Low
39.37,8.83,88.7,6,High
35.44,5.57,69.03,1,Low
36.5,4.24,55.05,0,Low
39.19,8.38,90.74,6,High
38.43,6.38,60.77,1,Low
36.43,4.23,50.03,0,Low
38.76,8.69,93.18,6,Medium
37.44,5.52,40.01,0,Low
39.37,8.32,81.03,5,High
39.65,8.91,100.0,6,High
39.94,8.4,88.33,6,High
38.91,8.51,90.35,6,High
36.46,5.45,32.69,0,Low
39.16,8.87,100.0,6,High
36.69,5.15,52.79,0,Low
38.61,4.93,74.18,3,Medium
36.48,3.42,44.27,1,Low
38.74,7.1,62.05,2,Medium
39.25,8.62,88.27,6,High
37.73,7.65,79.93,3,Medium
35.9,6.42,56.19,0,Low
35.81,5.15,31.29,0,Low
38.87,8.15,99.01,6,High
37.66,5.9,73.89,2,Medium
37.7,7.48,61.63,1,Low
37.32,6.81,68.84,1,Low
37.49,4.73,21.0,0,Low
38.05,6.96,68.43,2,Medium
37.97,6.72,62.22,1,Low
39.1,8.35,81.53,5,High
37.83,6.3,62.07,1,Low
38.76,7.85,83.11,4,High
39.45,8.32,88.1,6,High
37.28,5.34,48.12,0,High
37.99,6.41,54.49,1,Low
38.07,6.57,80.36,2,Medium
35.71,4.51,26.51,0,Low
36.22,5.69,56.57,0,Low
38.42,8.52,97.84,5,High
38.04,5.04,64.51,1,Low
38.1,4.83,30.03,1,Low
36.63,4.53,33.9,0,Low
36.8,4.88,34.42,0,Low
36.39,4.3,36.51,0,Low
36.48,3.77,57.3,1,Low
38.07,7.98,83.66,3,Medium
38.68,8.16,88.49,6,High
38.6,7.33,62.53,2,Low
38.39,6.84,85.57,3,Medium
38.82,7.85,82.08,4,High
39.65,7.99,97.0,5,High
36.06,4.35,65.94,1,Low
38.5,7.57,88.87,5,High
36.94,5.13,64.06,0,Low
36.77,6.94,42.03,0,Low
37.7,7.52,67.52,3,Medium
40.33,8.77,93.81,6,High
36.69,4.29,55.64,0,Low
36.51,6.16,63.27,0,Low
36.88,4.59,41.73,0,Low
37.66,6.72,53.4,1,Low
39.51,8.2,68.42,5,High
35.9,4.57,62.42,0,Low
36.19,5.58,36.58,0,Low
37.62,5.26,56.21,1,Low
36.68,5.88,67.86,1,Low
36.58,4.97,39.85,0,Low
38.03,8.34,81.0,4,High
37.3,6.16,62.76,0,Low
37.42,6.05,58.79,0,Low
38.81,8.52,80.88,5,High
37.01,6.02,62.69,0,Low
36.2,6.07,51.04,0,Low
38.4,6.49,64.1,1,Low
35.37,5.51,36.44,0,Low
40.07,7.88,97.65,5,High
36.79,4.82,41.37,0,Low
37.07,4.65,32.45,0,Low
39.49,8.91,94.44,6,High
38.28,7.84,71.74,3,Medium
35.94,5.48,32.76,0,Low
39.27,9.28,94.0,6,High
36.35,4.82,38.87,0,Low
39.67,7.3,90.31,4,High
38.43,8.46,100.0,5,High
38.57,6.23,70.37,3,Medium
38.02,7.06,79.6,2,Medium
38.24,6.11,56.48,1,Low
38.65,6.78,54.73,2,Medium
36.84,5.12,30.98,0,Low
36.94,5.35,36.84,0,Low
36.29,6.16,55.74,0,Low
38.2,8.37,86.06,5,Medium
36.09,5.11,41.8,0,Low
38.2,5.88,54.64,1,Low
38.66,9.0,92.25,6,High
38.29,7.79,93.54,4,High
36.68,4.06,45.07,0,Low
37.33,5.17,35.2,0,Low
38.79,8.66,85.1,6,High
36.2,5.23,54.65,0,Low
36.32,5.25,35.1,0,Low
39.11,8.14,88.97,6,High
39.3,8.1,81.02,5,High
39.25,8.28,85.6,6,High
39.27,8.07,96.02,6,High
36.44,5.66,46.66,0,Low
35.51,4.32,34.0,0,Low
36.66,5.11,48.43,0,Low
36.95,6.27,40.76,0,Low
38.49,8.25,85.79,5,High
35.87,5.71,60.38,0,Low
38.01,6.01,65.62,2,Medium
37.98,8.35,94.31,5,High
38.85,7.39,89.02,4,High
36.35,5.24,30.43,0,Low
38.23,7.94,73.1,3,Medium
37.68,6.56,83.48,2,Medium
38.66,8.88,88.31,6,High
37.77,6.89,80.86,2,Medium
36.61,5.76,49.1,0,Low
38.41,8.72,81.77,4,High
39.03,6.55,100.0,4,High
37.7,6.32,74.4,2,Medium
36.31,4.61,41.49,0,Low
38.33,7.02,73.93,2,Medium
38.84,7.59,100.0,5,High
39.87,8.82,86.32,6,High
37.29,7.31,68.98,1,Low
35.35,4.99,32.02,0,Low
38.33,5.98,60.66,1,Low
39.42,7.96,100.0,5,High
38.03,7.28,76.78,2,Medium
36.11,4.01,49.56,0,Low
37.13,5.61,33.98,0,Low
38.15,6.42,71.65,2,Medium
36.29,5.26,63.09,0,Low
39.3,8.25,89.4,6,High
36.18,4.44,51.9,0,Low
38.27,7.75,70.72,3,Medium
38.87,7.77,95.26,5,High
38.84,8.62,84.07,5,High
38.09,8.38,89.27,5,High
35.91,3.93,54.0,1,Low
38.85,7.8,97.3,5,High
38.02,5.86,75.02,2,Medium
36.27,4.04,43.12,0,Low
38.01,6.45,71.09,2,Medium
37.93,6.94,59.6,1,Low
37.02,7.26,58.97,0,Low
35.38,6.17,25.33,0,Low
38.05,7.29,67.17,2,Medium
37.5,6.48,66.98,2,Medium
35.63,4.98,43.62,0,Low
38.13,7.82,99.63,4,High
36.87,5.32,50.49,0,Low
38.95,7.59,95.11,5,High
36.55,5.26,35.14,0,Low
39.19,7.87,97.79,5,High
37.41,8.32,54.7,2,Low
37.53,4.98,61.16,1,Low
36.6,4.91,19.57,0,Low
39.04,8.34,100.0,6,High
39.28,8.9,94.32,6,High
36.56,4.75,50.33,0,Low
38.21,5.99,71.47,2,Medium
37.79,8.27,71.64,4,High
36.66,4.78,21.23,0,Low
39.0,7.18,75.41,3,Medium
39.59,8.18,92.14,6,High
38.58,8.42,97.26,6,High
37.95,7.31,94.67,3,Medium
37.05,3.86,43.82,1,Low
36.84,4.28,21.4,0,Low
38.16,7.61,66.41,3,Medium
36.84,5.93,44.34,0,Low
37.87,6.87,75.18,2,Medium
36.44,5.61,43.75,0,Low
37.55,4.25,59.8,1,Low
36.49,4.98,44.56,0,Low
36.39,4.75,41.12,0,Low
37.56,8.26,85.78,5,High
36.42,4.73,60.3,0,Low
39.3,9.03,84.98,5,High
37.46,5.16,49.48,0,High
36.94,4.97,23.01,0,Low
37.31,6.89,60.83,0,Low
38.93,7.45,86.06,4,High
37.17,4.37,31.83,0,Low
36.6,5.06,36.13,0,Low
39.93,8.35,98.52,6,Low
37.56,5.91,72.18,2,Medium
37.98,6.55,62.1,1,Low
38.16,7.52,97.2,4,High
38.67,8.02,88.65,6,High
37.98,6.21,62.93,1,Low
38.05,6.77,68.76,2,Medium
36.58,4.45,58.28,0,Low
36.66,3.56,42.42,1,Low
37.41,8.74,72.5,3,Medium
37.03,5.69,42.61,0,Low
39.41,8.22,92.11,6,High
38.93,8.17,93.05,6,High
36.0,5.8,40.58,0,Low
37.73,7.13,68.41,2,Medium
37.47,4.34,46.01,0,Low
37.23,6.64,64.06,0,Low
36.58,3.96,46.51,1,Low
36.66,6.38,74.68,1,Low
38.16,7.15,59.82,1,Low
38.31,6.1,67.94,2,Medium
37.47,7.17,59.21,0,Low
36.82,3.32,38.59,1,Low
39.04,7.89,81.16,4,High
38.71,8.53,93.04,6,High
39.54,7.84,99.52,5,High
38.43,6.66,95.47,3,Medium
39.04,8.19,80.96,5,High
37.61,7.54,81.6,3,Medium
38.48,8.0,68.58,3,Medium
36.46,4.92,54.63,0,Low
36.3,4.79,59.58,0,Low
38.83,6.34,72.17,3,Medium
38.94,6.94,91.28,4,High
39.82,8.27,96.69,6,High
36.77,4.25,48.09,0,Low
38.84,8.86,94.38,6,High
35.65,5.35,63.97,0,Low
38.95,6.79,50.41,2,Medium
39.36,8.28,100.0,6,High
37.96,6.81,68.57,2,Medium
38.68,8.3,92.42,6,High
39.62,7.48,75.51,3,Medium
38.33,7.97,85.1,4,High
37.17,6.34,76.49,1,Low
38.15,6.4,79.03,2,Medium
35.55,5.22,54.21,0,Low
38.5,6.12,76.71,2,Medium
38.92,8.06,89.15,6,High
38.1,8.52,72.79,4,High
37.61,6.85,49.59,1,High
36.72,6.36,45.66,0,Low
37.44,7.01,70.93,1,Low
37.08,5.65,42.39,0,Low
38.36,8.78,87.74,5,High
38.2,7.92,65.93,3,Medium
35.77,4.16,43.24,0,Low
36.27,5.09,38.66,0,Low
39.07,7.8,89.15,5,High
38.18,8.66,100.0,5,High
39.1,7.82,87.7,5,High
35.46,4.75,53.81,0,Low
36.81,5.26,27.55,0,Low
36.81,5.47,49.79,0,Medium
39.07,7.49,89.75,4,High
39.52,8.61,95.44,6,High
38.7,7.87,87.17,5,High
35.84,5.43,28.26,0,Low
36.55,4.71,55.63,0,Low
38.42,8.78,95.83,5,High
39.05,7.77,84.07,4,High
38.97,8.07,90.68,6,High
36.25,4.63,52.88,0,Low
37.1,3.88,42.05,1,Low
36.07,5.91,57.53,0,Low
38.03,7.57,92.72,4,High
38.42,7.85,80.95,3,Medium
37.66,6.83,70.84,2,Medium
36.12,5.82,29.66,0,Low
37.87,8.14,100.0,5,High
36.81,4.27,36.18,0,Low
39.18,8.73,90.59,6,High
39.36,8.36,88.64,6,High
39.47,8.46,85.15,6,High
39.05,8.36,97.07,6,High
38.05,6.65,89.84,3,Medium
38.27,6.73,74.55,2,Medium
36.44,5.42,48.19,0,Low
39.65,8.63,86.52,6,High
38.4,8.18,86.57,5,High
36.36,5.53,52.13,0,Low
40.0,7.75,78.73,4,High
35.53,6.04,46.22,0,Low
37.43,5.49,73.83,1,Low
36.85,4.79,39.3,0,Low
38.21,7.72,63.66,2,Medium
37.58,6.93,62.22,1,Low
38.05,6.8,75.06,2,Medium
38.55,8.31,82.66,5,Medium
38.73,8.32,91.76,6,High
38.09,6.86,63.08,1,Low
38.74,7.28,88.44,4,High
37.49,6.71,69.29,1,High
35.94,6.42,44.61,0,High
36.66,3.79,32.32,1,Low
37.1,4.03,34.73,0,Low
39.18,8.47,82.13,5,High
38.17,7.95,66.55,3,Medium
37.69,7.12,67.67,2,Medium
38.36,6.95,50.46,1,Low
38.57,7.75,91.53,5,High
37.06,7.44,70.16,1,Low
36.97,4.46,60.11,0,Low
37.36,4.37,62.26,0,Low
39.17,6.04,80.57,3,Medium
38.26,6.77,59.09,1,Low
38.87,9.5,90.58,6,High
38.05,7.35,62.85,1,Low
38.89,8.92,90.8,6,High
38.47,6.62,54.29,1,Low
37.23,6.62,75.26,1,Low
38.22,7.49,75.31,2,Medium
38.16,8.59,55.1,3,Medium
40.0,7.5,98.01,4,High
35.86,5.5,41.74,0,Low
37.74,7.85,68.88,3,Medium
36.38,4.76,32.05,0,Low
38.97,8.44,99.63,6,High
38.62,7.59,92.36,5,High
37.86,7.01,75.19,2,Medium
38.8,7.72,85.1,5,High
37.69,5.72,81.6,2,Medium
36.62,5.34,45.04,0,Low
38.46,7.11,83.26,2,Medium
37.63,9.48,79.39,4,High
36.99,5.32,45.96,0,Low
37.27,4.97,26.21,0,Low
36.71,5.78,51.87,0,Low
38.71,8.21,95.76,6,High
38.3,4.44,69.27,2,Medium
38.82,7.67,97.25,5,High
39.02,8.18,94.0,6,High
38.0,7.47,71.45,2,Medium
38.82,8.03,94.55,6,High
36.2,4.84,26.69,0,Low
36.6,6.27,61.18,0,Low
38.0,6.98,67.7,2,Medium
37.72,8.3,65.84,4,High
35.34,5.58,59.21,0,Low
36.34,5.32,45.23,0,Low
36.46,6.3,36.96,0,Low
39.65,8.7,81.68,5,High
39.26,6.93,78.76,3,Medium
38.82,7.89,98.63,5,High
37.67,6.28,75.1,2,Medium
37.65,5.42,66.87,2,Medium
39.34,7.76,94.27,5,High
38.58,6.7,40.27,2,Medium
36.37,4.81,49.03,0,Low
37.94,7.23,73.64,2,Medium
39.5,7.6,85.0,4,High
38.05,6.54,82.29,2,Medium
38.95,8.36,95.86,6,High
37.81,8.85,90.96,5,High
36.4,3.72,17.65,1,Low
39.21,8.98,92.42,6,High
37.51,7.89,56.89,2,Medium
38.84,8.51,73.81,5,High
36.78,5.64,37.19,0,Low
37.76,6.18,82.41,2,Medium
36.65,5.69,60.36,0,Low
36.79,4.29,57.28,0,Low
37.78,9.26,84.39,4,High
36.64,4.96,42.52,0,Low
38.16,6.57,56.91,1,Low
35.95,4.63,50.82,0,Low
37.09,4.92,41.53,0,Low
38.6,5.7,86.56,4,High
38.89,8.91,87.42,6,High
38.58,8.78,84.34,5,High
38.24,7.64,61.79,2,Medium
37.41,5.08,62.52,0,Low
38.89,7.88,90.44,5,High
36.91,3.87,43.77,1,Low
38.08,7.37,87.08,3,Medium
36.61,4.61,37.83,0,Low
36.75,5.87,18.36,0,Low
37.84,7.22,81.86,2,Medium
37.07,4.12,46.53,0,Low
38.93,7.61,93.5,5,High
38.32,8.31,96.85,5,Medium
37.69,6.71,60.07,1,Low
38.9,8.58,84.91,5,High
39.18,9.04,95.03,6,High
39.23,8.51,95.43,6,High
39.64,7.55,96.4,5,High
37.8,5.38,54.6,1,Low
35.87,4.76,53.57,0,Low
38.95,7.56,92.39,5,High
37.19,6.2,57.33,0,Low
39.0,8.17,88.97,6,High
39.11,7.9,84.92,4,High
36.51,6.44,40.39,0,High
38.13,7.92,61.89,2,Medium
36.53,6.75,49.35,0,Low
36.5,5.94,45.98,0,Low
39.33,7.99,88.31,5,High
39.94,7.47,91.36,4,High
38.89,7.45,82.01,3,Medium
39.06,7.73,73.42,4,High
37.46,7.3,67.98,1,Low
37.93,5.89,61.75,1,Low
38.21,8.63,87.54,5,High
37.62,6.88,65.54,2,Medium
38.19,8.72,81.51,4,High
36.42,4.81,51.9,0,Low
38.58,7.45,85.18,4,High
38.71,7.49,97.86,4,High
38.03,8.22,77.48,4,High
38.71,6.76,61.47,2,Medium
36.51,4.54,39.56,0,Low
37.29,5.67,56.65,0,Low
37.32,6.18,70.61,1,Low
39.08,8.68,94.36,6,High
37.78,9.0,77.46,4,High
39.27,8.42,79.78,5,High
38.04,7.21,58.93,1,Low
37.99,8.57,82.93,4,High
39.6,8.35,85.21,6,High
37.67,5.52,44.29,1,Low
38.53,8.61,82.91,5,Medium
37.32,5.11,32.05,0,Low
38.78,7.2,82.76,3,Medium
39.33,7.95,79.16,4,High
37.2,7.04,72.86,1,Low
38.85,8.15,91.11,6,Medium
36.57,4.08,69.16,1,Low
38.0,6.3,59.96,1,Low
38.8,8.57,79.18,5,High
38.35,6.74,74.68,2,Medium
38.1,9.21,93.87,5,High
37.35,7.59,72.11,2,Medium
38.92,7.6,94.07,5,Low
37.89,8.7,78.69,4,High
40.53,8.43,90.96,6,High
36.37,3.57,54.49,1,Low
37.05,4.97,46.54,0,Low
37.29,5.85,44.65,0,Low
39.45,7.62,77.56,4,High
37.21,4.72,49.85,0,Low
36.96,5.77,41.85,0,Low
38.03,8.76,80.91,4,High
38.29,6.4,68.34,2,Medium
36.2,4.36,42.19,0,Low
37.41,4.93,36.45,0,Low
35.77,5.17,44.47,0,Low
39.74,7.63,91.34,5,High
37.75,7.29,66.65,2,High
39.81,8.37,90.94,6,High
37.39,5.35,46.63,0,Low
38.08,7.42,78.96,2,Medium
36.72,6.23,57.69,0,Low
37.07,6.87,85.58,2,Medium
37.94,6.93,79.42,2,Medium
38.38,8.54,84.05,4,High
38.82,7.54,88.83,5,High
39.31,8.42,88.51,6,High
37.62,5.94,66.68,2,Medium
35.98,4.15,52.1,0,Low
39.19,8.79,93.69,6,High
38.54,7.39,70.27,3,Medium
36.79,4.78,25.43,0,Low
39.31,6.82,94.09,4,High
38.22,8.16,88.54,5,High
37.16,4.39,49.11,0,Low
38.53,8.19,94.11,6,High
39.96,7.92,78.89,4,High
39.29,7.72,92.42,5,High
36.0,4.61,49.19,0,Low
37.63,6.92,67.16,2,Medium
38.16,6.5,74.78,2,Medium
38.13,7.18,93.71,3,Medium
37.83,6.28,59.67,1,Low
38.23,7.39,72.96,2,Medium
37.65,6.07,64.43,1,Low
39.71,9.3,74.51,5,High
38.04,6.97,64.07,1,Low
36.81,5.72,36.15,0,Low
36.82,4.33,57.66,0,Low
38.62,7.83,87.34,5,High
39.14,8.58,96.04,6,High
38.95,7.91,66.88,4,High
36.43,5.25,33.34,0,Low
37.6,7.96,98.52,4,Low
36.74,4.3,45.3,0,Low
38.05,7.58,82.64,3,Medium
36.24,4.76,68.18,1,Low
36.69,4.4,43.9,0,Low
38.91,7.89,87.7,5,High
38.23,7.23,74.41,2,Medium
36.74,5.75,41.87,0,Low
38.17,7.46,70.51,2,Medium
35.87,5.02,53.56,0,Low
38.45,6.67,64.53,1,Low
37.76,7.21,77.61,2,Medium
38.49,6.02,68.79,2,Medium
39.15,8.26,95.42,6,High
36.8,4.6,50.53,0,Low
36.93,5.66,25.88,0,Low
37.77,6.26,69.78,2,Medium
38.53,8.31,88.61,6,High
38.01,7.1,79.79,2,Medium
36.6,3.54,51.16,1,Low
38.85,8.42,100.0,6,High
37.44,5.75,73.26,1,Low
36.0,4.99,52.17,0,Low
37.4,6.28,67.88,1,Low
36.44,5.04,71.95,1,Low
38.51,8.61,97.9,6,High
37.5,5.22,21.29,1,Low
37.61,7.91,79.65,3,Medium
38.58,7.55,66.76,4,High
37.3,3.62,50.34,1,Low
37.86,7.32,71.03,2,Medium
36.2,5.5,37.37,0,Low
37.96,6.39,58.01,1,Low
39.36,8.21,81.47,5,High
39.52,9.5,100.0,6,High
37.03,5.18,31.17,0,Low
37.56,5.84,32.84,1,Low
38.15,5.42,53.05,1,Low
39.0,7.1,93.1,4,High
38.77,8.24,94.57,6,High
35.77,4.37,40.25,0,Low
37.33,5.44,31.68,0,High
36.28,5.6,61.6,0,Low
36.69,5.88,38.73,0,Low
38.02,7.72,66.38,3,Medium
39.23,7.64,82.33,4,High
37.15,3.72,40.65,1,Low
38.16,8.95,80.98,4,High
37.83,8.3,63.6,3,Medium
37.2,7.55,56.45,1,Low
38.94,8.18,92.38,6,High
36.67,4.16,61.19,0,Low
39.16,7.58,85.73,5,High
38.09,4.99,35.14,1,Low
37.15,6.67,88.51,2,Medium
39.44,7.65,88.37,5,High
37.54,7.12,76.15,2,Medium
36.52,5.76,41.91,0,Low
38.62,5.91,52.97,2,Medium
38.09,7.83,63.39,2,Medium
36.61,4.92,34.8,0,Low
38.81,7.4,100.0,4,High
37.0,6.18,52.37,0,Low
37.93,7.39,69.66,2,Medium
37.96,6.48,75.04,2,Medium
37.01,5.45,69.0,1,Low
38.78,8.47,100.0,6,High
38.91,6.18,79.0,3,Medium
36.57,4.09,55.89,0,Low
37.18,7.73,87.9,3,Low
38.4,7.44,69.08,2,Medium
37.82,7.21,57.46,1,Low
39.6,8.53,88.86,6,High
38.85,7.15,55.44,2,Medium
38.4,8.25,82.51,4,High
36.77,6.93,47.01,0,Low
38.25,6.22,59.15,1,Low
36.19,5.13,32.61,0,Low
37.73,6.79,86.35,3,Medium
36.85,4.56,47.68,0,Low
38.92,8.59,86.0,6,High
38.61,7.9,91.39,5,High
39.8,9.5,85.46,6,High
39.52,8.04,82.04,5,High
36.94,5.22,62.41,0,Low
36.58,4.32,39.08,0,Low
39.31,8.09,100.0,6,High
38.39,6.98,89.33,3,Medium
36.62,4.87,44.82,0,Low
35.92,5.22,38.6,0,Low
38.85,8.23,90.06,6,High
38.23,8.49,65.61,4,High
36.41,4.61,70.75,1,Low
37.56,7.78,73.93,3,Medium
36.17,5.02,20.4,0,Low
36.96,6.7,66.76,1,Low
36.78,5.83,40.66,0,Low
38.11,7.62,78.25,3,Medium
38.02,6.77,74.1,2,Medium
38.75,7.98,86.47,5,High
36.84,6.69,78.81,1,Low
36.69,6.48,48.98,0,Low
35.9,4.82,35.35,0,Low
36.45,5.82,31.9,0,Low
38.01,7.07,71.47,2,Medium
36.64,4.89,55.37,0,Low
38.02,7.05,83.52,2,Medium
39.07,9.49,84.97,5,High
38.89,7.98,70.28,4,High
38.07,6.75,62.24,1,High
39.33,7.82,96.99,5,High
38.6,9.22,81.81,5,High
37.27,6.14,71.38,1,Low
38.89,8.01,80.06,5,High
35.83,5.52,54.67,0,Low
39.16,8.73,90.81,6,High
36.09,4.76,39.39,0,Low
38.04,9.07,94.49,5,High
38.88,7.87,95.26,5,High
37.54,5.2,51.74,1,Medium
37.37,4.09,41.73,0,Low
38.86,8.61,74.24,5,High
38.34,5.78,76.99,2,Medium
38.8,8.88,90.65,6,High
39.68,7.15,72.58,3,Medium
38.5,7.01,73.92,3,Medium
39.42,8.02,97.65,6,High
38.02,6.96,61.41,1,Low
39.02,6.09,73.7,3,Medium
38.87,8.6,92.63,6,High
39.22,7.87,100.0,5,Low
38.07,6.06,72.58,2,Medium
37.49,6.13,94.35,2,Medium
38.64,7.84,93.77,5,High
38.24,8.18,89.68,5,High
37.45,6.49,65.3,1,Low
36.74,6.56,60.98,0,Low
36.32,6.17,47.73,0,Low
36.83,4.76,53.63,0,Low
37.02,6.7,78.72,1,Low
38.13,6.2,72.56,2,Medium
40.31,8.08,84.57,5,High
36.77,5.17,69.61,1,Low
39.62,8.36,87.17,6,High
38.02,4.67,72.72,2,Medium
36.49,4.94,29.99,0,Low
37.73,6.02,75.45,2,Medium
36.42,4.68,44.93,0,Low
39.18,8.18,96.82,6,High
39.14,8.29,94.72,6,High
38.22,8.74,100.0,5,High
37.99,6.44,78.83,2,Medium
39.56,6.56,85.37,4,High
36.87,5.03,46.14,0,Low
39.58,7.68,88.71,5,High
35.74,5.6,57.76,0,Low
37.12,3.89,45.29,1,Low
36.64,5.06,44.08,0,Low
37.85,7.89,64.21,2,Medium
36.28,5.17,51.85,0,Low
37.29,5.38,42.54,0,Low
37.39,6.35,75.63,1,Low
39.09,8.12,87.99,6,High
38.02,6.1,60.7,1,Low
38.47,8.36,100.0,5,High
38.45,7.59,100.0,4,High
38.57,8.42,88.25,6,High
37.17,6.63,76.78,1,Low
38.56,7.59,91.71,5,High
39.67,8.29,84.43,5,High
38.52,7.26,93.96,4,High
38.1,7.23,79.66,2,Medium
37.16,5.97,48.1,0,Low
37.62,6.01,82.82,2,Medium
39.31,7.85,100.0,5,High
38.42,7.86,100.0,4,High
37.52,9.12,79.41,4,High
36.06,3.83,46.17,1,Low
38.66,5.28,56.75,2,Medium
40.57,8.73,92.98,6,High
36.84,6.83,69.01,1,Low
37.71,6.2,60.22,1,Low
37.46,6.58,69.61,1,Low
36.17,5.68,38.04,0,Low
37.42,4.32,53.65,0,Low
39.09,8.13,100.0,6,High
36.7,4.76,46.81,0,Low
38.73,6.93,94.11,4,High
36.97,5.0,56.32,0,Low
37.63,6.53,55.18,1,Low
37.09,7.68,74.24,2,Medium
39.11,8.39,86.8,6,High
39.34,7.63,92.77,5,High
36.94,7.25,65.82,1,Low
37.87,6.48,60.11,1,Low
37.72,8.64,86.62,5,High
37.68,7.08,68.75,2,Medium
36.65,4.69,30.24,0,Low
38.7,8.13,64.47,4,High
36.32,4.88,44.37,0,Low
37.16,6.84,34.7,0,Low
37.85,6.04,77.8,2,Medium
37.14,4.76,31.38,0,Low
36.74,3.85,61.72,1,Low
39.2,7.13,82.59,3,Medium
38.41,6.67,75.71,2,Medium
36.83,4.76,42.56,0,Low
39.14,8.46,100.0,6,High
37.83,8.11,86.75,5,High
38.71,8.48,71.3,5,High
40.16,8.23,82.01,5,High
38.27,8.03,78.38,4,High
37.69,7.7,74.64,3,Medium
36.59,5.58,34.52,0,Low
39.14,8.03,89.89,6,High
37.23,5.91,37.49,0,Low
36.24,4.37,54.98,0,Low
38.28,7.75,78.17,3,Medium
38.87,8.67,93.98,6,High
37.13,6.3,79.49,1,Low
37.92,8.68,85.38,5,High
38.89,8.03,100.0,6,High
39.76,7.82,91.3,5,High
36.39,4.47,40.56,0,Low
38.88,6.42,81.59,3,Medium
36.78,4.91,47.33,0,Low
38.96,7.26,75.45,3,Medium
35.28,5.14,42.18,0,Low
38.22,8.41,91.65,5,High
36.66,5.94,27.02,0,Low
38.01,7.02,72.84,2,Medium
36.73,4.45,37.61,0,Low
39.17,7.28,94.12,4,High
38.12,6.16,67.19,2,Medium
39.81,8.44,100.0,6,High
36.62,6.05,36.61,0,Low
37.5,6.79,75.37,1,Low
38.14,7.68,94.89,4,High
38.06,8.16,89.05,5,High
36.86,5.33,35.78,0,Low
38.36,6.37,66.05,2,Medium
37.89,7.08,50.25,1,Low
37.19,7.43,50.88,0,Low
38.26,6.95,65.6,2,Medium
37.12,4.92,18.13,0,Low
39.14,8.18,74.16,5,High
36.16,4.15,43.36,0,Low
36.36,5.52,48.07,0,Low
38.53,7.93,88.02,5,High
38.27,9.08,94.68,5,High
37.94,7.63,73.89,3,Medium
38.86,8.31,96.16,6,High
37.6,8.11,70.33,4,High
39.39,6.41,58.03,2,Medium
37.15,5.87,72.26,1,Low
36.84,4.5,14.92,0,Low
37.32,7.31,51.19,0,Low
38.03,7.1,69.53,2,Medium
39.84,7.79,100.0,5,High
37.84,6.84,69.49,2,Medium
38.57,8.99,93.5,6,High
37.44,6.19,68.36,1,Low
36.17,5.63,47.36,0,Medium
39.41,7.36,81.33,3,Medium
38.08,7.89,70.65,3,Medium
37.55,6.37,66.94,2,Medium
38.48,4.58,64.96,1,Low
36.44,5.75,71.37,1,Low
38.48,8.74,74.02,4,High
38.35,7.75,69.61,3,Medium
38.76,6.58,81.94,3,Medium
37.51,4.41,34.79,1,Low
37.33,6.89,85.48,2,Medium
38.1,7.77,69.74,3,Medium
37.77,6.13,70.69,2,Medium
36.34,5.33,63.95,0,Low
38.57,8.06,64.13,4,High
36.39,3.96,49.27,1,Low
38.14,5.56,71.71,2,Medium
36.94,4.72,39.12,0,Low
37.74,6.89,68.01,2,Medium
39.53,8.7,86.27,6,High
38.35,7.75,88.98,4,High
38.2,8.73,89.56,5,High
39.56,7.72,100.0,5,High
36.67,6.08,47.11,0,Low
36.92,6.45,73.97,1,Low
38.28,7.34,80.61,2,Medium
37.61,9.07,83.3,4,High
37.99,6.84,58.94,1,Low
38.3,8.7,78.43,4,High
36.81,4.28,38.48,0,Low
36.74,4.27,46.69,0,Low
35.96,5.15,36.4,0,Low
38.26,6.66,79.13,2,Medium
38.35,7.12,81.01,2,Medium
35.77,4.45,42.46,0,Low
39.11,7.72,100.0,5,High
38.9,7.8,81.97,4,High
37.91,6.73,86.55,3,Medium
36.56,5.57,42.95,0,Low
38.13,7.44,90.98,3,High
38.41,8.27,91.67,5,High
36.34,5.15,32.75,0,Low
36.25,4.58,51.41,0,Low
37.66,6.08,59.87,1,Low
38.91,7.25,56.67,2,Medium
36.22,5.0,37.93,0,Low
38.22,8.39,84.52,4,High
38.05,7.8,77.18,3,Medium
39.36,7.24,64.49,2,Medium
36.92,5.41,50.95,0,Low
39.42,7.69,100.0,5,High
37.0,5.03,45.67,0,Low
38.78,6.89,100.0,4,High
37.06,7.51,69.92,2,Medium
39.2,7.15,89.91,4,Low
35.92,5.31,57.72,0,Low
36.49,6.88,33.91,0,Low
39.05,9.41,93.09,6,High
39.2,7.57,83.05,4,High
38.38,6.99,67.93,2,Medium
35.61,4.09,15.04,0,Low
38.84,8.78,89.13,6,High
37.84,7.13,72.64,2,Medium
39.91,7.23,89.45,4,High
38.93,7.96,85.72,5,High
38.86,9.5,94.23,6,High
39.23,8.27,100.0,6,High
37.82,8.42,96.69,5,High
38.24,7.22,55.2,1,Low
37.26,5.12,29.28,0,Low
38.18,8.24,50.44,3,Medium
38.34,8.5,94.7,5,High
39.28,8.88,88.68,6,High
38.61,7.46,75.64,3,Medium
39.49,9.43,89.03,6,High
36.07,4.5,32.11,0,Low
37.73,7.1,61.08,1,Low
37.42,6.95,53.68,0,Low
38.73,8.31,76.78,5,High
36.45,5.15,22.56,0,Low
36.4,5.96,51.33,0,Low
37.44,5.91,72.77,1,Low
36.7,6.2,36.81,0,Low
37.05,6.97,84.69,1,Low
38.32,7.95,63.1,2,Low
39.85,8.34,96.29,6,High
39.26,8.51,79.39,5,High
36.9,4.79,58.34,0,Low
36.63,4.88,48.51,0,Low
36.87,4.7,59.87,0,Low
36.79,5.06,51.0,0,Low
39.04,9.18,91.76,6,High
36.3,5.34,42.66,0,Low
36.17,4.68,37.79,0,Low
38.79,7.87,73.28,4,High
39.22,8.51,84.79,5,High
37.53,6.89,58.8,1,Low
37.49,6.55,41.38,0,Low
38.82,6.03,59.71,2,Medium
37.83,5.21,55.67,1,Low
38.18,8.84,90.05,5,High
38.13,6.63,79.88,2,Medium
36.44,3.82,51.25,1,Low
38.09,6.86,56.4,1,Low
38.0,6.96,71.47,2,Medium
38.2,6.25,59.25,1,Low
38.37,7.28,67.93,2,Medium
39.79,7.03,94.69,4,High
38.99,8.37,93.03,6,High
37.78,4.41,33.38,1,Low
38.77,6.34,74.3,3,Medium
39.37,8.81,100.0,6,High
37.67,6.92,66.61,2,Medium
37.63,7.19,54.99,1,Low
36.46,5.47,53.42,0,Low
37.27,4.95,33.67,0,Low
39.08,8.29,92.06,6,High
39.76,7.32,85.28,4,High
38.77,8.95,87.7,6,High
36.93,4.77,49.59,0,Low
36.03,4.67,49.26,0,Low
37.24,6.47,50.83,0,Low
37.87,6.71,65.92,2,Medium
38.11,5.86,80.88,2,Medium
38.77,8.89,94.86,6,High
40.08,7.94,73.98,4,High
36.18,5.44,39.47,0,Low
38.21,8.72,76.47,4,High
36.36,6.07,34.91,0,Low
36.12,3.74,45.52,1,Low
38.3,7.73,78.11,3,Medium
36.98,5.06,36.48,0,Low
37.87,7.93,64.85,2,Low
37.55,8.32,63.57,3,Medium
36.08,5.35,48.15,0,Low
38.44,6.87,64.63,1,Low
37.58,4.99,51.41,1,Low
39.26,9.5,73.68,5,High
36.64,6.08,35.54,0,Low
36.47,6.83,46.73,0,Low
37.94,6.47,79.5,2,Medium
35.6,4.89,54.79,0,Low
39.01,7.47,98.5,4,High
36.61,5.12,28.28,0,Low
37.84,7.21,75.64,2,Medium
39.35,9.05,89.29,6,High
36.5,4.91,47.03,0,Low
37.06,5.58,39.56,0,Low
39.13,8.95,100.0,6,High
39.12,7.13,79.09,3,Medium
36.48,5.58,30.9,0,Low
36.77,4.97,62.3,0,Low
38.85,8.62,98.27,6,High
39.47,7.89,90.13,5,High
38.32,7.05,59.19,1,Low
37.81,7.58,74.5,3,Medium
38.9,8.39,82.05,5,High
37.02,4.75,50.24,0,Low
36.69,4.91,60.11,0,Low
39.42,7.97,71.71,4,High
36.7,5.11,46.99,0,Medium
38.22,7.0,89.15,3,Medium
38.44,5.05,72.91,2,Medium
38.79,8.2,93.41,6,High
36.4,4.29,52.83,0,Low
39.4,7.96,90.02,5,High
37.32,5.17,41.14,0,Low
36.53,6.68,29.19,0,Low
39.24,9.12,95.03,6,High
38.41,6.98,77.55,2,Medium
38.96,7.95,84.85,4,High
36.16,4.76,33.39,0,Low
36.22,4.1,31.67,0,Low
37.66,7.0,68.38,2,Medium
39.17,8.64,74.74,5,High
38.18,6.97,79.77,2,Medium
38.61,8.02,91.33,6,High
39.18,8.13,100.0,6,High
38.23,8.23,96.38,5,High
37.7,7.0,54.17,1,Low
38.02,8.5,81.07,4,High
38.06,6.86,63.68,1,Low
39.61,7.95,90.17,5,High
38.41,6.86,62.36,1,Low
37.78,7.91,69.55,3,Medium
38.15,8.23,81.97,4,High
37.77,6.78,69.81,2,Medium
38.69,7.65,97.61,5,High
38.42,7.52,94.9,4,High
38.34,6.17,57.47,1,Low
36.51,5.15,24.81,0,Low
37.45,6.28,81.74,1,Low
36.76,5.22,35.17,0,Low
37.21,6.37,57.78,0,Low
36.25,3.89,44.37,1,Low
36.97,6.06,61.85,0,Low
38.43,8.31,80.84,4,High
37.27,6.68,62.0,0,Low
37.89,6.62,87.68,3,Medium
36.42,4.59,30.83,0,Low
39.08,7.05,79.09,3,Medium
36.05,5.03,47.19,0,Low
39.23,7.85,89.63,5,High
39.07,8.25,80.41,5,High
38.88,8.37,92.54,6,High
36.98,5.37,36.31,0,Low
36.28,3.97,47.5,1,Low
37.31,4.24,54.44,0,Low
37.46,8.0,86.45,4,High
36.16,5.39,43.71,0,Low
38.57,9.12,88.61,6,High
37.03,4.69,29.6,0,Low
37.33,5.11,24.19,0,Low
35.71,4.42,45.98,0,Low
39.39,7.91,90.23,5,High
37.83,7.94,67.52,3,Medium
38.23,7.62,50.61,2,Medium
37.29,6.92,57.62,0,Low
38.46,6.67,69.4,2,Medium
38.39,6.47,66.04,2,Medium
38.44,6.75,67.09,2,Medium
37.52,5.05,41.77,1,Low
37.26,5.83,38.99,0,Low
36.98,7.57,70.77,2,Medium
37.2,4.76,42.43,0,Low
38.15,7.2,69.52,2,Medium
37.91,4.16,36.34,1,Low
38.29,7.55,99.05,4,High
36.84,5.13,36.69,0,Low
36.56,5.59,50.11,0,Low
38.29,5.46,66.8,2,Medium
36.17,6.35,27.35,0,Low
38.16,6.42,71.56,2,Medium
36.93,4.67,43.4,0,Low
36.92,5.01,49.33,0,Low
38.84,7.84,95.94,5,High
37.65,7.7,86.15,4,High
37.2,7.24,15.49,0,Low
38.94,8.09,94.34,6,High
38.68,8.22,94.45,6,High
37.99,6.33,98.19,3,Medium
38.28,6.39,71.9,2,Medium
37.75,7.77,84.12,3,Medium
37.37,6.84,83.97,1,Low
37.31,5.98,66.23,1,Low
38.05,7.88,64.24,2,Medium
38.64,7.82,91.52,5,High
38.41,7.23,90.52,3,Medium
36.95,6.04,36.91,0,Low
37.35,7.37,86.44,2,Medium
39.9,7.84,88.93,5,High
36.62,5.19,45.31,0,Medium
39.11,8.1,80.79,5,High
38.54,7.37,83.32,3,Medium
38.81,7.8,100.0,5,High
37.2,4.89,37.11,0,Low
37.67,6.15,87.9,3,Medium
37.78,6.95,84.08,2,Medium
39.23,7.41,46.33,2,Medium
39.04,7.51,94.38,5,High
37.3,6.03,78.52,1,Low
38.42,7.66,66.69,3,Medium
39.23,7.91,77.88,4,High
38.37,7.32,92.28,3,Medium
39.79,7.97,87.04,5,High
38.0,6.98,72.72,2,Medium
38.65,8.7,87.12,6,High
36.94,5.97,36.87,0,Low
37.54,6.24,75.4,2,Medium
37.94,7.45,72.53,2,Medium
36.57,4.4,38.38,0,Low
38.14,6.97,61.5,1,Low
38.87,6.82,88.11,4,High
39.01,7.18,71.37,3,Medium
36.38,5.28,60.97,0,Low
36.58,5.14,54.09,0,Low
36.98,5.24,35.11,0,Low
38.13,7.47,77.02,2,Medium
36.52,4.18,28.3,0,Low
38.58,6.88,89.08,4,High
38.92,7.61,87.22,5,High
37.97,7.5,90.68,3,Medium
36.35,5.29,26.41,0,Low
39.41,8.76,94.13,6,High
36.29,4.94,64.84,0,Low
36.55,5.39,45.6,0,Low
36.48,4.71,56.95,0,Low
36.84,4.67,22.14,0,Low
38.88,8.26,95.92,6,High
35.83,5.26,53.74,0,Low
39.2,7.04,82.08,3,Medium
37.76,8.58,57.22,3,Medium
36.29,5.6,41.46,0,Low
38.2,6.31,78.01,2,Medium
36.69,3.15,40.95,1,Low
38.25,7.51,70.53,3,Medium
38.04,6.27,78.55,2,Medium
38.21,6.48,72.81,2,Medium
36.84,3.97,37.45,1,Low
38.45,6.93,100.0,3,Medium
37.5,5.25,78.66,1,Low
36.42,4.79,52.05,0,Low
36.91,5.77,56.57,0,Low
37.07,6.03,25.38,0,Low
38.53,9.5,100.0,6,High
39.38,8.43,86.78,6,High
36.2,5.43,63.72,0,Low
38.47,7.31,91.96,3,Medium
39.67,9.03,93.32,6,High
38.54,5.91,65.59,3,Medium
36.06,4.98,52.58,0,Low
39.59,9.12,93.84,6,High
38.34,8.11,100.0,5,High
38.13,8.19,91.09,5,High
39.66,9.3,90.3,6,High
39.29,8.19,76.41,5,High
39.26,8.43,82.15,5,High
36.68,4.2,29.37,0,Low
38.25,6.43,74.63,2,Medium
36.67,4.51,56.54,0,Low
36.88,4.42,29.03,0,Low
39.46,8.82,94.68,6,High
38.42,8.19,89.94,5,High
37.66,6.48,90.55,3,Medium
38.37,9.08,81.02,4,High
36.44,4.95,52.44,0,Low
36.91,4.72,49.49,0,Low
38.07,8.49,90.77,5,High
37.69,6.48,67.55,2,Medium
38.95,4.62,74.88,3,Medium
37.79,7.54,86.54,4,High
36.67,6.37,30.15,0,Low
38.63,8.83,99.53,6,High
38.92,7.17,100.0,4,High
38.81,8.78,91.58,6,High
38.2,6.96,73.1,2,Medium
37.83,7.67,61.01,2,Medium
38.37,8.29,100.0,5,High
36.81,7.32,65.58,1,Low
37.83,6.11,69.29,2,Medium
36.75,4.38,31.5,0,Low
38.45,7.26,63.51,1,Low
37.56,7.51,61.75,2,Medium
38.22,7.79,80.63,3,Medium
35.87,5.43,46.39,0,Low
37.28,4.89,38.65,0,Low
38.66,7.85,80.98,4,High
37.53,7.3,59.81,1,Low
38.05,6.29,69.84,2,Medium
37.94,8.01,69.32,4,High
37.63,6.89,60.67,1,Low
38.77,7.4,91.27,4,High
36.72,4.08,53.42,0,Low
39.79,9.34,90.34,6,High
36.84,4.83,24.11,0,Low
37.78,5.63,64.92,1,Low
37.91,6.82,83.69,2,Medium
38.81,7.67,100.0,5,High
36.43,5.73,60.9,0,Low
37.08,7.19,72.7,1,Low
36.63,5.9,57.46,0,Low
36.7,6.59,40.19,0,Low
38.74,8.23,100.0,6,High
39.19,7.31,98.65,4,High
37.76,8.51,80.7,4,High
37.85,8.99,89.79,5,High
36.98,7.87,63.65,1,Low
36.24,5.34,37.32,0,Low
38.21,5.74,93.72,3,Medium
36.06,5.44,60.5,0,Low
38.26,7.65,81.76,3,Medium
37.87,7.14,73.65,2,Medium
36.4,4.48,46.88,0,Low
38.03,6.23,76.42,2,Medium
38.64,8.88,80.95,5,High
35.9,3.89,27.07,1,Low
39.34,8.98,99.7,6,High
37.48,6.13,77.88,1,Low
37.38,7.84,50.8,1,Medium
38.78,8.22,83.17,5,High
37.93,7.55,85.9,4,High
36.19,4.2,65.38,1,Low
39.39,8.73,90.48,6,High
37.25,4.57,45.36,0,Low
37.84,8.04,80.79,4,High
37.28,7.81,90.82,3,Medium
37.92,6.99,64.66,1,Low
38.81,7.78,100.0,5,High
36.77,8.23,61.54,2,Medium
36.26,5.4,44.42,0,Low
36.49,4.54,48.08,0,Low
36.94,6.32,98.69,2,Medium
36.72,4.83,67.04,1,Low
37.95,7.35,68.21,2,Medium
37.89,6.55,66.88,2,Medium
39.38,8.76,93.22,6,High
36.77,5.67,60.65,0,Low
39.39,7.42,71.98,3,Medium
37.73,7.0,57.75,1,Low
37.54,7.31,64.83,1,Low
37.53,7.73,78.69,3,Medium
36.94,4.83,40.95,0,Low
39.29,7.66,94.02,5,High
36.69,5.03,43.99,0,Low
35.79,6.19,56.77,0,Low
38.92,7.87,92.39,5,High
38.01,5.98,65.18,2,Medium
38.58,6.61,88.79,4,High
38.32,6.33,69.49,2,Medium
35.72,4.4,49.78,0,Low
36.38,6.1,35.95,0,Low
38.27,7.23,77.36,2,Medium
36.7,4.82,42.35,0,Low
38.66,7.11,80.29,3,Medium
35.48,3.59,40.99,1,Low
38.71,6.77,100.0,4,High
36.19,4.12,60.59,0,Low
36.36,4.62,47.16,0,Low
36.79,4.62,51.24,0,Low
36.3,3.56,42.04,1,Low
37.94,6.59,64.12,1,Low
37.19,4.68,73.24,1,Low
38.08,6.83,73.42,2,Medium
38.45,5.39,78.55,2,Medium
36.62,6.2,66.03,1,Low
36.33,4.17,54.05,0,Low
35.59,5.76,41.94,0,Low
36.83,5.64,40.78,0,Low
37.46,4.53,58.91,0,Low
36.81,5.27,55.48,0,Low
37.49,7.22,56.33,0,Low
36.31,5.29,65.12,1,Low
36.42,5.21,56.32,0,Low
37.82,6.86,68.9,2,Medium
37.73,6.7,65.94,2,Medium
37.03,5.36,67.52,1,Low
36.4,5.26,40.0,0,Low
37.92,7.24,67.55,2,Medium
36.23,5.01,53.88,0,Low
38.03,6.98,65.48,2,Medium
38.46,8.28,99.01,5,High
37.34,6.65,48.06,0,Low
36.9,6.1,23.56,0,Low
38.99,7.23,91.38,4,High
35.96,5.09,30.45,0,Low
36.7,4.55,30.14,0,Low
37.28,4.46,39.72,0,Low
39.83,7.05,100.0,4,High
38.86,8.0,91.92,5,High
38.43,7.68,60.17,2,Medium
37.72,6.84,85.25,3,Medium
38.36,7.17,68.06,2,Medium
38.02,5.87,63.93,1,Low
37.76,7.88,75.81,3,Medium
38.74,8.34,95.95,6,High
38.16,8.17,94.55,5,High
36.16,6.23,43.81,0,Low
37.57,7.69,75.72,3,Medium
38.21,8.86,96.06,5,High
37.92,6.74,68.18,2,Medium
36.33,4.17,40.52,0,Low
39.66,7.39,85.51,4,High
38.53,7.37,86.19,4,High
37.8,7.48,56.33,1,Low
38.39,6.97,79.64,2,Medium
37.24,5.47,44.63,0,Low
38.07,6.11,66.15,2,Medium
37.69,5.62,72.95,2,Medium
39.54,8.52,96.55,6,High
36.64,3.52,58.92,1,Low
36.03,4.23,74.81,1,Low
37.38,6.25,69.99,1,Low
39.07,7.64,92.54,5,High
38.42,6.85,62.41,1,Low
38.09,6.42,77.3,2,Medium
39.62,8.63,88.29,6,High
37.99,7.07,70.51,2,Medium
36.94,4.36,53.23,0,Low
38.75,8.46,90.26,6,High
37.95,6.39,60.95,1,Low
36.82,5.58,49.79,0,Low
37.45,6.87,75.05,1,Low
40.5,8.44,84.71,5,High
37.45,6.18,40.99,0,Low
38.26,6.86,67.41,2,Medium
38.43,7.21,69.87,2,Medium
38.61,8.46,89.77,6,High
39.31,8.29,95.2,6,High
35.99,5.33,53.19,0,Low
37.97,6.54,72.11,2,Medium
38.12,8.89,60.79,3,Medium
35.97,5.27,30.66,0,Low
39.49,8.22,97.78,6,High
35.58,5.44,45.37,0,Low
37.69,7.13,61.85,1,Low
37.19,6.44,61.85,0,Low
36.73,4.72,39.41,0,Low
38.72,8.42,82.3,5,High
36.44,5.76,36.55,0,Low
37.26,4.56,26.19,0,Low
39.41,8.66,83.9,5,High
39.3,8.99,89.45,6,High
37.04,6.51,31.13,0,Low
36.35,5.58,41.98,0,Low
38.97,8.2,90.86,6,High
38.32,8.11,80.28,4,High
38.78,8.84,89.96,6,High
37.78,8.18,54.3,3,Medium
36.62,4.55,50.89,0,Low
39.05,8.27,89.18,6,High
36.69,3.77,36.94,1,Low
37.19,6.64,39.86,0,Low
39.21,9.32,100.0,6,High
37.83,7.48,79.2,2,Medium
36.38,5.41,56.15,0,Low
37.27,5.69,36.1,0,Low
38.31,7.48,85.76,3,Medium
35.28,5.78,57.24,0,Low
38.34,8.78,98.15,5,High
38.43,7.17,53.02,1,Low
37.52,5.46,73.67,2,Medium
38.6,6.95,77.79,3,Medium
38.41,6.09,71.99,2,Medium
38.23,7.0,63.86,1,Low
39.89,7.18,95.67,4,High
38.19,8.38,79.39,4,High
37.67,7.12,76.82,2,High
37.53,5.84,71.85,2,Medium
36.36,3.3,55.0,1,Low
38.95,9.3,100.0,6,Low
37.73,7.25,68.59,2,Medium
39.27,8.06,98.77,6,High
38.91,7.61,87.84,5,High
38.36,8.46,86.36,5,High
39.24,7.87,92.55,5,High
39.04,8.4,83.06,5,Low
37.81,5.2,78.27,2,Medium
39.79,9.5,96.19,6,High
37.15,4.38,24.94,0,Low
39.67,7.8,93.72,5,High
36.72,4.11,49.11,0,Low
39.92,8.88,86.91,6,High
36.77,3.83,44.06,1,Low
37.49,6.75,56.4,0,Low
36.18,4.14,37.58,0,Low
36.58,5.55,58.1,0,Low
38.4,8.66,84.93,4,High
39.91,7.33,87.14,4,Medium
36.3,4.66,44.82,0,Low
37.08,4.98,58.42,0,Low
38.18,8.02,93.7,5,High
39.78,8.37,96.02,6,High
36.21,4.85,78.25,1,Low
38.16,7.51,56.64,2,Medium
36.09,5.29,40.57,0,Low
38.71,7.22,97.08,4,High
37.54,5.75,61.2,1,Low
37.22,3.91,38.31,1,Low
36.3,5.05,54.2,0,Low
38.18,6.02,57.84,1,Low
39.28,8.14,81.25,5,High
36.24,5.42,57.9,0,Low
38.89,8.87,81.83,5,High
37.39,5.18,83.65,1,Low
38.97,7.58,100.0,5,High
39.83,8.25,97.85,6,High
35.16,5.79,40.07,0,Low
36.37,4.76,39.4,0,Low
38.67,8.49,86.15,6,High
37.36,5.05,71.62,1,Low
37.67,4.96,25.06,1,Low
37.6,6.04,48.04,1,Low
37.78,8.76,100.0,5,High
39.13,7.96,96.62,5,High
37.83,7.7,69.51,3,Medium
37.22,4.09,45.94,0,Low
37.96,8.83,77.34,4,High
39.26,8.33,90.35,6,High
36.38,5.15,38.93,0,Low
38.47,6.35,71.41,2,Medium
36.23,4.27,56.38,0,Low
36.61,4.62,24.68,0,Low
36.26,4.22,45.35,0,Low
37.99,7.37,92.69,3,Medium
39.21,8.29,98.38,6,High
36.72,5.45,37.49,0,Low
37.9,7.7,76.37,3,Medium
37.82,7.47,68.45,2,Medium
37.97,7.47,92.48,3,Medium
38.65,8.93,82.4,5,High
36.0,4.79,63.35,0,Low
37.82,8.77,100.0,5,High
37.45,7.49,89.64,2,Medium
35.79,5.53,49.85,0,Low
37.24,5.31,60.78,0,Low
39.14,7.66,91.98,5,High
37.19,5.7,79.55,1,Low
38.49,6.15,70.51,2,Medium
36.71,3.75,78.87,2,Medium
38.1,8.39,93.43,5,High
37.06,4.85,24.34,0,Low
35.78,5.85,36.21,0,Low
37.57,6.41,61.99,1,Low
38.53,8.66,85.24,6,High
36.62,5.11,33.91,0,Low
36.46,5.38,44.81,0,Low
37.69,6.17,74.27,2,Medium
37.33,5.05,28.52,0,Low
37.4,7.66,77.74,2,Medium
36.75,4.94,55.32,0,Low
36.95,4.87,37.42,0,Low
37.38,5.77,63.98,0,Low
38.32,7.67,100.0,4,High
39.8,7.73,100.0,5,High
38.26,8.71,66.7,4,High
37.55,6.0,66.7,2,Medium
38.15,8.07,93.6,5,High
36.52,5.98,27.97,0,Low
37.56,6.96,82.79,2,Medium
39.18,7.78,83.74,4,High
40.03,7.97,92.59,5,High
36.02,5.02,41.1,0,Low
38.01,8.16,100.0,5,High
38.35,4.03,61.98,1,Low
39.64,8.73,81.73,5,High
37.2,5.95,40.13,0,Low
37.45,7.41,90.99,2,Medium
38.54,9.5,93.25,6,High
36.54,5.7,44.16,0,Low
37.94,7.34,84.12,2,Medium
36.77,5.45,74.59,1,Low
38.71,7.77,98.64,5,High
37.68,8.45,62.91,3,Medium
37.33,4.05,51.93,0,Low
37.01,4.23,51.81,0,Low
39.57,8.73,90.45,6,High
36.56,4.22,42.46,0,Low
37.51,5.41,57.23,1,Low
37.01,4.78,49.33,0,Low
39.04,8.13,80.59,5,High
38.43,6.02,70.79,2,Medium
38.41,8.8,93.23,5,High
37.78,5.71,24.77,1,Low
37.83,4.31,45.8,1,Low
38.23,7.44,77.38,2,Medium
37.5,7.15,65.97,2,Medium
39.79,7.97,100.0,5,High
38.8,7.11,100.0,4,High
37.54,8.79,89.6,5,High
37.07,3.22,36.43,1,Low
37.03,6.57,42.06,0,Low
40.55,8.2,93.75,6,High
38.88,6.23,72.69,3,Low
38.64,8.34,100.0,6,High
37.81,6.44,61.91,1,Low
36.66,5.78,53.36,0,Low
38.54,6.6,58.93,2,Medium
39.44,8.47,100.0,6,High
38.68,7.0,79.02,3,Medium
36.44,4.86,40.29,0,Low
36.37,5.31,49.82,0,Low
39.03,7.86,87.74,5,High
38.83,7.61,90.8,5,High
37.67,9.5,88.15,5,High
36.34,6.19,31.18,0,Low
